-0.995487175204604,-0.995487175204604,-0.995487175204604,-0.995487175204604,-0.995487175204604,-0.995487175204604,-0.995487175204604,-0.995487175204604,-0.995487175204604,-0.995487175204604,-0.995487175204604,-0.995487175204604,-0.995487175204604,-0.995487175204499,-0.99548717355252,-0.99546942949928,-0.804879129479807,-0.321276750052938,0.498230941332682,0.99917782046242,0.999224270055516,0.999224274362309,0.999224274362661,0.999224274362661,0.999224274362661,0.999224274362661,0.999224274362661,0.999224274362661,0.999224274362661,0.999224274362661,0.999224274362661,0.999224274362661,0.999224274362661,0.999224274362661,0.999224274362661,0.999224274362661,0.999224274362661,0.999224274362661,0.999224274362661,0.999224274362661,0.999224274362661,0.999224274362661,0.999224274362661,0.999224274362661,0.999224274362661,0.999224274362661,0.999224274362661,0.999224274362661,0.999224274362661,0.999224274362661,0.999224274362661,0.999224274362661,0.999224274362661,0.999224274362661,0.999224274362661,0.999224274362661,0.999224274362661,0.999224274362661,0.999224274362661,0.999224274362661,0.999224274362661,0.999224274362661,0.999224274362661,0.999224274362661
-0.995487175204604,-0.995487175204604,-0.995487175204604,-0.995487175204604,-0.995487175204604,-0.995487175204604,-0.995487175204604,-0.995487175204604,-0.995487175204604,-0.995487175204604,-0.995487175204604,-0.995487175204604,-0.995487175204604,-0.995487175204499,-0.99548717369338,-0.995470942649156,-0.821131915713554,-0.37120676603501,0.443910633038712,0.999156250300834,0.99922426652368,0.999224274361825,0.999224274362661,0.999224274362661,0.999224274362661,0.999224274362661,0.999224274362661,0.999224274362661,0.999224274362661,0.999224274362661,0.999224274362661,0.999224274362661,0.999224274362661,0.999224274362661,0.999224274362661,0.999224274362661,0.999224274362661,0.999224274362661,0.999224274362661,0.999224274362661,0.999224274362661,0.999224274362661,0.999224274362661,0.999224274362661,0.999224274362661,0.999224274362661,0.999224274362661,0.999224274362661,0.999224274362661,0.999224274362661,0.999224274362661,0.999224274362661,0.999224274362661,0.999224274362661,0.999224274362661,0.999224274362661,0.999224274362661,0.999224274362661,0.999224274362661,0.999224274362661,0.999224274362661,0.999224274362661,0.999224274362661,0.999224274362661
-0.995487175204604,-0.995487175204604,-0.995487175204604,-0.995487175204604,-0.995487175204604,-0.995487175204604,-0.995487175204604,-0.995487175204604,-0.995487175204604,-0.995487175204604,-0.995487175204604,-0.995487175204604,-0.995487175204604,-0.995487175204515,-0.995487173964154,-0.995473851093329,-0.852371451940931,-0.468804255911783,0.294599226526752,0.820819166702364,0.999207734496014,0.999224272829332,0.999224274362515,0.999224274362661,0.999224274362661,0.999224274362661,0.999224274362661,0.999224274362661,0.999224274362661,0.999224274362661,0.999224274362661,0.999224274362661,0.999224274362661,0.999224274362661,0.999224274362661,0.999224274362661,0.999224274362661,0.999224274362661,0.999224274362661,0.999224274362661,0.999224274362661,0.999224274362661,0.999224274362661,0.999224274362661,0.999224274362661,0.999224274362661,0.999224274362661,0.999224274362661,0.999224274362661,0.999224274362661,0.999224274362661,0.999224274362661,0.999224274362661,0.999224274362661,0.999224274362661,0.999224274362661,0.999224274362661,0.999224274362661,0.999224274362661,0.999224274362661,0.999224274362661,0.999224274362661,0.999224274362661,0.999224274362661
-0.995487175204604,-0.995487175204604,-0.995487175204604,-0.995487175204604,-0.995487175204604,-0.995487175204604,-0.995487175204604,-0.995487175204604,-0.995487175204604,-0.995487175204604,-0.995487175204604,-0.995487175204604,-0.995487175204604,-0.995487175204563,-0.995487174361627,-0.995478119988299,-0.898219800093839,-0.583817538740384,0.114615376035789,0.724323327839,0.999198786872788,0.99922427199977,0.999224274362483,0.999224274362661,0.999224274362661,0.999224274362661,0.999224274362661,0.999224274362661,0.999224274362661,0.999224274362661,0.999224274362661,0.999224274362661,0.999224274362661,0.999224274362661,0.999224274362661,0.999224274362661,0.999224274362661,0.999224274362661,0.999224274362661,0.999224274362661,0.999224274362661,0.999224274362661,0.999224274362661,0.999224274362661,0.999224274362661,0.999224274362661,0.999224274362661,0.999224274362661,0.999224274362661,0.999224274362661,0.999224274362661,0.999224274362661,0.999224274362661,0.999224274362661,0.999224274362661,0.999224274362661,0.999224274362661,0.999224274362661,0.999224274362661,0.999224274362661,0.999224274362661,0.999224274362661,0.999224274362661,0.999224274362661
-0.995487175204604,-0.995487175204604,-0.995487175204604,-0.995487175204604,-0.995487175204604,-0.995487175204604,-0.995487175204604,-0.995487175204604,-0.995487175204604,-0.995487175204604,-0.995487175204604,-0.995487175204604,-0.995487175204604,-0.995487175204604,-0.99548717520415,-0.995487170979392,-0.995450839858787,-0.702437572653517,-0.089265542629064,0.620189335683867,0.999189128938266,0.999224271103917,0.999224274362391,0.999224274362661,0.999224274362661,0.999224274362661,0.999224274362661,0.999224274362661,0.999224274362661,0.999224274362661,0.999224274362661,0.999224274362661,0.999224274362661,0.999224274362661,0.999224274362661,0.999224274362661,0.999224274362661,0.999224274362661,0.999224274362661,0.999224274362661,0.999224274362661,0.999224274362661,0.999224274362661,0.999224274362661,0.999224274362661,0.999224274362661,0.999224274362661,0.999224274362661,0.999224274362661,0.999224274362661,0.999224274362661,0.999224274362661,0.999224274362661,0.999224274362661,0.999224274362661,0.999224274362661,0.999224274362661,0.999224274362661,0.999224274362661,0.999224274362661,0.999224274362661,0.999224274362661,0.999224274362661,0.999224274362661
-0.995487175204604,-0.995487175204604,-0.995487175204604,-0.995487175204604,-0.995487175204604,-0.995487175204604,-0.995487175204604,-0.995487175204604,-0.995487175204604,-0.995487175204604,-0.995487175204604,-0.995487175204604,-0.995487175204604,-0.995487175204604,-0.995487175204499,-0.995487173431608,-0.995468132965767,-0.790965044318873,-0.301446465575877,0.466675753763193,0.999153016071461,0.999224265728134,0.999224274361711,0.999224274362661,0.999224274362661,0.999224274362661,0.999224274362661,0.999224274362661,0.999224274362661,0.999224274362661,0.999224274362661,0.999224274362661,0.999224274362661,0.999224274362661,0.999224274362661,0.999224274362661,0.999224274362661,0.999224274362661,0.999224274362661,0.999224274362661,0.999224274362661,0.999224274362661,0.999224274362661,0.999224274362661,0.999224274362661,0.999224274362661,0.999224274362661,0.999224274362661,0.999224274362661,0.999224274362661,0.999224274362661,0.999224274362661,0.999224274362661,0.999224274362661,0.999224274362661,0.999224274362661,0.999224274362661,0.999224274362661,0.999224274362661,0.999224274362661,0.999224274362661,0.999224274362661,0.999224274362661,0.999224274362661
-0.995487175204604,-0.995487175204604,-0.995487175204604,-0.995487175204604,-0.995487175204604,-0.995487175204604,-0.995487175204604,-0.995487175204604,-0.995487175204604,-0.995487175204604,-0.995487175204604,-0.995487175204604,-0.995487175204604,-0.995487175204604,-0.995487175204515,-0.995487174159755,-0.995475951776036,-0.874931748349262,-0.520169376257742,0.185384416274404,0.763162960287163,0.999202385876531,0.999224272332967,0.999224274362508,0.999224274362661,0.999224274362661,0.999224274362661,0.999224274362661,0.999224274362661,0.999224274362661,0.999224274362661,0.999224274362661,0.999224274362661,0.999224274362661,0.999224274362661,0.999224274362661,0.999224274362661,0.999224274362661,0.999224274362661,0.999224274362661,0.999224274362661,0.999224274362661,0.999224274362661,0.999224274362661,0.999224274362661,0.999224274362661,0.999224274362661,0.999224274362661,0.999224274362661,0.999224274362661,0.999224274362661,0.999224274362661,0.999224274362661,0.999224274362661,0.999224274362661,0.999224274362661,0.999224274362661,0.999224274362661,0.999224274362661,0.999224274362661,0.999224274362661,0.999224274362661,0.999224274362661,0.999224274362661
-0.995487175204604,-0.995487175204604,-0.995487175204604,-0.995487175204604,-0.995487175204604,-0.995487175204604,-0.995487175204604,-0.995487175204604,-0.995487175204604,-0.995487175204604,-0.995487175204604,-0.995487175204604,-0.995487175204604,-0.995487175204604,-0.995487175204604,-0.995487175204101,-0.995487170676676,-0.995449755066345,-0.714063240222685,-0.146344858760154,0.552073025175549,0.999159980841679,0.999224266285166,0.99922427436173,0.999224274362661,0.999224274362661,0.999224274362661,0.999224274362661,0.999224274362661,0.999224274362661,0.999224274362661,0.999224274362661,0.999224274362661,0.999224274362661,0.999224274362661,0.999224274362661,0.999224274362661,0.999224274362661,0.999224274362661,0.999224274362661,0.999224274362661,0.999224274362661,0.999224274362661,0.999224274362661,0.999224274362661,0.999224274362661,0.999224274362661,0.999224274362661,0.999224274362661,0.999224274362661,0.999224274362661,0.999224274362661,0.999224274362661,0.999224274362661,0.999224274362661,0.999224274362661,0.999224274362661,0.999224274362661,0.999224274362661,0.999224274362661,0.999224274362661,0.999224274362661,0.999224274362661,0.999224274362661
-0.995487175204604,-0.995487175204604,-0.995487175204604,-0.995487175204604,-0.995487175204604,-0.995487175204604,-0.995487175204604,-0.995487175204604,-0.995487175204604,-0.995487175204604,-0.995487175204604,-0.995487175204604,-0.995487175204604,-0.995487175204604,-0.995487175204604,-0.995487175204515,-0.995487173943557,-0.995473631607438,-0.850023418241278,-0.46646934651795,0.210258736455163,0.752876612929433,0.99920143005886,0.999224272243635,0.999224274362309,0.999224274362661,0.999224274362661,0.999224274362661,0.999224274362661,0.999224274362661,0.999224274362661,0.999224274362661,0.999224274362661,0.999224274362661,0.999224274362661,0.999224274362661,0.999224274362661,0.999224274362661,0.999224274362661,0.999224274362661,0.999224274362661,0.999224274362661,0.999224274362661,0.999224274362661,0.999224274362661,0.999224274362661,0.999224274362661,0.999224274362661,0.999224274362661,0.999224274362661,0.999224274362661,0.999224274362661,0.999224274362661,0.999224274362661,0.999224274362661,0.999224274362661,0.999224274362661,0.999224274362661,0.999224274362661,0.999224274362661,0.999224274362661,0.999224274362661,0.999224274362661,0.999224274362661
-0.995487175204604,-0.995487175204604,-0.995487175204604,-0.995487175204604,-0.995487175204604,-0.995487175204604,-0.995487175204604,-0.995487175204604,-0.995487175204604,-0.995487175204604,-0.995487175204604,-0.995487175204604,-0.995487175204604,-0.995487175204604,-0.995487175204604,-0.995487175204604,-0.99548717520406,-0.995487170280132,-0.995447814197959,-0.718117269221846,-0.197503319274791,0.478608564632991,0.999137941503663,0.999224258189169,0.999224272082031,0.999224274361635,0.999224274362391,0.999224274362512,0.999224274362661,0.999224274362661,0.999224274362661,0.999224274362661,0.999224274362661,0.999224274362661,0.999224274362661,0.999224274362661,0.999224274362661,0.999224274362661,0.999224274362661,0.999224274362661,0.999224274362661,0.999224274362661,0.999224274362661,0.999224274362661,0.999224274362661,0.999224274362661,0.999224274362661,0.999224274362661,0.999224274362661,0.999224274362661,0.999224274362661,0.999224274362661,0.999224274362661,0.999224274362661,0.999224274362661,0.999224274362661,0.999224274362661,0.999224274362661,0.999224274362661,0.999224274362661,0.999224274362661,0.999224274362661,0.999224274362661,0.999224274362661
-0.995487175204604,-0.995487175204604,-0.995487175204604,-0.995487175204604,-0.995487175204604,-0.995487175204604,-0.995487175204604,-0.995487175204604,-0.995487175204604,-0.995487175204604,-0.995487175204604,-0.995487175204604,-0.995487175204604,-0.995487175204604,-0.995487175204604,-0.995487175204604,-0.995487175204515,-0.995487174125309,-0.995475584515015,-0.87100442413451,-0.572195701168482,-0.00739709751128633,0.588654009757419,0.999136134109603,0.999199686947346,0.999224265244755,0.99922427137533,0.99922427258107,0.99922427436173,0.999224274362314,0.99922427436238,0.999224274362391,0.999224274362391,0.999224274362394,0.999224274362394,0.999224274362429,0.999224274362441,0.999224274362461,0.999224274362483,0.999224274362483,0.999224274362498,0.999224274362506,0.999224274362512,0.999224274362515,0.999224274362582,0.999224274362661,0.999224274362661,0.999224274362661,0.999224274362661,0.999224274362661,0.999224274362661,0.999224274362661,0.999224274362661,0.999224274362661,0.999224274362661,0.999224274362661,0.999224274362661,0.999224274362661,0.999224274362661,0.999224274362661,0.999224274362661,0.999224274362661,0.999224274362661,0.999224274362661
-0.995487175204604,-0.995487175204604,-0.995487175204604,-0.995487175204604,-0.995487175204604,-0.995487175204604,-0.995487175204604,-0.995487175204604,-0.995487175204604,-0.995487175204604,-0.995487175204604,-0.995487175204604,-0.995487175204604,-0.995487175204604,-0.995487175204604,-0.995487175204604,-0.995487175204604,-0.995487175204175,-0.9954871716333,-0.995460397702782,-0.832298215141294,-0.517332404570901,-0.019126015489118,0.459121679925004,0.734078309508457,0.999150502395465,0.999192058063239,0.999205058067968,0.999224265962306,0.999224270402487,0.999224270872792,0.999224271153327,0.999224271336027,0.999224271463115,0.999224271557487,0.999224271633429,0.999224271701275,0.999224271769696,0.999224271846899,0.999224271941895,0.999224272065253,0.999224272230431,0.999224272456091,0.999224272774514,0.999224273275301,0.999224274362118,0.999224274362512,0.999224274362582,0.999224274362661,0.999224274362661,0.999224274362661,0.999224274362661,0.999224274362661,0.999224274362661,0.999224274362661,0.999224274362661,0.999224274362661,0.999224274362661,0.999224274362661,0.999224274362661,0.999224274362661,0.999224274362661,0.999224274362661,0.999224274362661
-0.995487175204604,-0.995487175204604,-0.995487175204604,-0.995487175204604,-0.995487175204604,-0.995487175204604,-0.995487175204604,-0.995487175204604,-0.995487175204604,-0.995487175204604,-0.995487175204604,-0.995487175204604,-0.995487175204604,-0.995487175204604,-0.995487175204604,-0.995487175204604,-0.995487175204604,-0.995487175204604,-0.995487175203793,-0.99548716991116,-0.995457082687844,-0.835391625297228,-0.587961929787539,-0.238318003915341,0.142197547224286,0.468665899566103,0.651794280378283,0.791963185783706,0.999152874697016,0.999181565679497,0.99918663523105,0.999189661353659,0.999191632036151,0.999193003579956,0.999194021750891,0.99919484086942,0.999195572703566,0.99919631038489,0.999197143055584,0.999198167147696,0.999199497065415,0.999201278106285,0.999203711507168,0.999207145423825,0.999212546004368,0.999224269156598,0.999224272469251,0.999224273391038,0.999224274362286,0.999224274362661,0.999224274362661,0.999224274362661,0.999224274362661,0.999224274362661,0.999224274362661,0.999224274362661,0.999224274362661,0.999224274362661,0.999224274362661,0.999224274362661,0.999224274362661,0.999224274362661,0.999224274362661,0.999224274362661
-0.995487175204604,-0.995487175204604,-0.995487175204604,-0.995487175204604,-0.995487175204604,-0.995487175204604,-0.995487175204604,-0.995487175204604,-0.995487175204604,-0.995487175204604,-0.995487175204604,-0.995487175204604,-0.995487175204604,-0.995487175204604,-0.995487175204604,-0.995487175204604,-0.995487175204604,-0.995487175204604,-0.995487175204604,-0.995487175203657,-0.99548717000491,-0.995461404892364,-0.878729135609778,-0.743349570101259,-0.534309255464491,-0.282558375995329,-0.0256841973435686,0.224303160441157,0.436390109386893,0.538648525303419,0.593302961065974,0.62594201659989,0.647199471159753,0.66199528346727,0.672979273430174,0.681815279060927,0.689708392586194,0.69766288285851,0.706640167639208,0.717680467951195,0.732018019721203,0.751220401449348,0.777458552597625,0.81448760005211,0.872725525914896,0.999179844092696,0.999203855023411,0.999213794583399,0.999224270815661,0.99922427436173,0.999224274362582,0.999224274362661,0.999224274362661,0.999224274362661,0.999224274362661,0.999224274362661,0.999224274362661,0.999224274362661,0.999224274362661,0.999224274362661,0.999224274362661,0.999224274362661,0.999224274362661,0.999224274362661
-0.995487175204604,-0.995487175204604,-0.995487175204604,-0.995487175204604,-0.995487175204604,-0.995487175204604,-0.995487175204604,-0.995487175204604,-0.995487175204604,-0.995487175204604,-0.995487175204604,-0.995487175204604,-0.995487175204604,-0.995487175204604,-0.995487175204604,-0.995487175204604,-0.995487175204604,-0.995487175204604,-0.995487175204604,-0.995487175204604,-0.995487175203835,-0.995487171794042,-0.995476304102252,-0.995452551031452,-0.875667851207713,-0.780724289778679,-0.670768117322936,-0.517487538755262,-0.368229559172009,-0.254870034371368,-0.173180438738634,-0.114747055063401,-0.0725473008333522,-0.0413684442330222,-0.017358308447455,0.00244131742370443,0.020467540252533,0.0389421125614291,0.0601521893740702,0.0867482818385807,0.122106347666092,0.170807418877692,0.239258476485012,0.336228380500396,0.471779832209884,0.646487882666356,0.779010405966484,0.886193956545385,0.999196489729202,0.999224267830602,0.999224273428215,0.999224274362314,0.999224274362661,0.999224274362661,0.999224274362661,0.999224274362661,0.999224274362661,0.999224274362661,0.999224274362661,0.999224274362661,0.999224274362661,0.999224274362661,0.999224274362661,0.999224274362661
-0.995487175204604,-0.995487175204604,-0.995487175204604,-0.995487175204604,-0.995487175204604,-0.995487175204604,-0.995487175204604,-0.995487175204604,-0.995487175204604,-0.995487175204604,-0.995487175204604,-0.995487175204604,-0.995487175204604,-0.995487175204604,-0.995487175204604,-0.995487175204604,-0.995487175204604,-0.995487175204604,-0.995487175204604,-0.995487175204604,-0.995487175204604,-0.995487175204234,-0.995487174192327,-0.995487170943473,-0.995476020572993,-0.995467180040842,-0.995446206084269,-0.880092711661348,-0.821105480992127,-0.779983011943201,-0.749418535893118,-0.726570698452753,-0.709437812251538,-0.696398007784661,-0.686116268087069,-0.677467930824705,-0.669449649904631,-0.661074661898385,-0.65123790866715,-0.638510913550076,-0.620762483694321,-0.594324266321917,-0.551930581400267,-0.477452054130003,-0.333423866329648,-0.0384506334927386,0.279740523013539,0.578871965388597,0.812534738427768,0.999181593109086,0.999214199900564,0.999224271423351,0.999224274362038,0.999224274362661,0.999224274362661,0.999224274362661,0.999224274362661,0.999224274362661,0.999224274362661,0.999224274362661,0.999224274362661,0.999224274362661,0.999224274362661,0.999224274362661
-0.995487175204406,-0.995487175204428,-0.995487175204428,-0.995487175204452,-0.995487175204452,-0.995487175204499,-0.995487175204515,-0.995487175204604,-0.995487175204604,-0.995487175204604,-0.995487175204604,-0.995487175204604,-0.995487175204604,-0.995487175204604,-0.995487175204604,-0.995487175204604,-0.995487175204604,-0.995487175204604,-0.995487175204604,-0.995487175204604,-0.995487175204604,-0.995487175204604,-0.995487175204515,-0.995487175204138,-0.9954871741662,-0.995487173342971,-0.995487170391301,-0.995476433024247,-0.995470941269348,-0.995467113034416,-0.99546426786945,-0.995462141198744,-0.995460546619415,-0.995459333082023,-0.995458376245367,-0.995457571360949,-0.995456824987165,-0.995456045239753,-0.995455129234158,-0.995453943986389,-0.995452291093874,-0.995449829031697,-0.995445881302209,-0.995438943513826,-0.995398817121035,-0.708427079187814,-0.457141161192039,-0.0460805587730833,0.398623436291686,0.725516993406544,0.890584787358026,0.999202638575284,0.999224270203427,0.999224274361909,0.999224274362661,0.999224274362661,0.999224274362661,0.999224274362661,0.999224274362661,0.999224274362661,0.999224274362661,0.999224274362661,0.999224274362661,0.999224274362661
-0.995487172788321,-0.995487172838312,-0.995487172942836,-0.995487173110764,-0.995487173355864,-0.995487173700108,-0.995487174205023,-0.99548717520409,-0.995487175204452,-0.995487175204515,-0.995487175204604,-0.995487175204604,-0.995487175204604,-0.995487175204604,-0.995487175204604,-0.995487175204604,-0.995487175204604,-0.995487175204604,-0.995487175204604,-0.995487175204604,-0.995487175204604,-0.995487175204604,-0.995487175204604,-0.995487175204604,-0.995487175204515,-0.995487175204452,-0.99548717520409,-0.995487174204654,-0.995487173693354,-0.995487173337001,-0.995487173072164,-0.995487172874253,-0.995487172725878,-0.995487172612924,-0.995487172523919,-0.995487172449038,-0.995487172379526,-0.995487172306959,-0.995487172221659,-0.995487172111294,-0.995487171957383,-0.995487171728113,-0.995487171360574,-0.995487170714138,-0.995487164492491,-0.995460447945522,-0.995405731411749,-0.658968306000497,-0.231268719005421,0.271907864760107,0.655914767851897,0.874461930061155,0.999201038669141,0.999224270097716,0.999224274361909,0.999224274362661,0.999224274362661,0.999224274362661,0.999224274362661,0.999224274362661,0.999224274362661,0.999224274362661,0.999224274362661,0.999224274362661
-0.995461233904362,-0.995461770440328,-0.995462891795971,-0.995464694512999,-0.995467325900953,-0.995471021890162,-0.995476442808494,-0.995487170374277,-0.995487173304131,-0.995487174089604,-0.99548717520406,-0.995487175204499,-0.995487175204515,-0.995487175204604,-0.995487175204604,-0.995487175204604,-0.995487175204604,-0.995487175204604,-0.995487175204604,-0.995487175204604,-0.995487175204604,-0.995487175204604,-0.995487175204604,-0.995487175204604,-0.995487175204604,-0.995487175204604,-0.995487175204604,-0.995487175204515,-0.995487175204499,-0.995487175204452,-0.995487175204428,-0.995487175204428,-0.995487175204406,-0.995487175204406,-0.995487175204379,-0.995487175204359,-0.995487175204359,-0.995487175204359,-0.995487175204359,-0.995487175204355,-0.995487175204311,-0.995487175204311,-0.995487175204239,-0.995487175204187,-0.995487175203364,-0.995487172715768,-0.995487162314106,-0.995430130333296,-0.719196989328368,-0.313215537895084,0.214808534477443,0.639505840776951,0.873322002972672,0.999201497743336,0.999224270294611,0.999224274362045,0.999224274362661,0.999224274362661,0.999224274362661,0.999224274362661,0.999224274362661,0.999224274362661,0.999224274362661,0.999224274362661
-0.716979476013,-0.722737107782316,-0.734771546418981,-0.754120901517008,-0.78236896867285,-0.822050458938194,-0.880251866773559,-0.995446041083032,-0.995466775875732,-0.995475205859162,-0.99548717020083,-0.995487173450373,-0.99548717423176,-0.99548717520415,-0.995487175204515,-0.995487175204604,-0.995487175204604,-0.995487175204604,-0.995487175204604,-0.995487175204604,-0.995487175204604,-0.995487175204604,-0.995487175204604,-0.995487175204604,-0.995487175204604,-0.995487175204604,-0.995487175204604,-0.995487175204604,-0.995487175204604,-0.995487175204604,-0.995487175204604,-0.995487175204604,-0.995487175204604,-0.995487175204604,-0.995487175204604,-0.995487175204604,-0.995487175204604,-0.995487175204604,-0.995487175204604,-0.995487175204604,-0.995487175204604,-0.995487175204604,-0.995487175204604,-0.995487175204604,-0.995487175204604,-0.995487175204406,-0.995487175202525,-0.995487165286949,-0.995437670014941,-0.739965921504688,-0.326964797131646,0.21927185597678,0.649882196712636,0.879410784841233,0.999203162213047,0.999224271477923,0.999224274362323,0.999224274362661,0.999224274362661,0.999224274362661,0.999224274362661,0.999224274362661,0.999224274362661,0.999224274362661
-0.0902817913698537,-0.104522730960029,-0.134803941218037,-0.184925865608508,-0.260942051035646,-0.370576093020979,-0.517482483691756,-0.66905012934197,-0.776507836629267,-0.866995038366389,-0.995445424100082,-0.995468347840358,-0.995476732846737,-0.995487171091011,-0.995487174069884,-0.99548717520409,-0.995487175204515,-0.995487175204604,-0.995487175204604,-0.995487175204604,-0.995487175204604,-0.995487175204604,-0.995487175204604,-0.995487175204604,-0.995487175204604,-0.995487175204604,-0.995487175204604,-0.995487175204604,-0.995487175204604,-0.995487175204604,-0.995487175204604,-0.995487175204604,-0.995487175204604,-0.995487175204604,-0.995487175204604,-0.995487175204604,-0.995487175204604,-0.995487175204604,-0.995487175204604,-0.995487175204604,-0.995487175204604,-0.995487175204604,-0.995487175204604,-0.995487175204604,-0.995487175204604,-0.995487175204604,-0.995487175204604,-0.995487175202855,-0.995487165927254,-0.995437012815212,-0.712158365075155,-0.293163969070574,0.253924157419561,0.671789637709876,0.891276438232225,0.999214263679866,0.999224273433874,0.999224274362582,0.999224274362661,0.999224274362661,0.999224274362661,0.999224274362661,0.999224274362661,0.999224274362661
0.639115916646787,0.631957293882219,0.616048540315877,0.587174534046949,0.53520742165771,0.434996694856951,0.2247759020036,-0.0226870369478016,-0.272792890846773,-0.492792816218564,-0.675745153748549,-0.793403874350727,-0.8833941481436,-0.995453454675597,-0.995474995720985,-0.995487170583031,-0.995487174001799,-0.99548717520406,-0.995487175204515,-0.995487175204604,-0.995487175204604,-0.995487175204604,-0.995487175204604,-0.995487175204604,-0.995487175204604,-0.995487175204604,-0.995487175204604,-0.995487175204604,-0.995487175204604,-0.995487175204604,-0.995487175204604,-0.995487175204604,-0.995487175204604,-0.995487175204604,-0.995487175204604,-0.995487175204604,-0.995487175204604,-0.995487175204604,-0.995487175204604,-0.995487175204604,-0.995487175204604,-0.995487175204604,-0.995487175204604,-0.995487175204604,-0.995487175204604,-0.995487175204604,-0.995487175204604,-0.995487175204515,-0.995487174270187,-0.995477145950766,-0.887795096882725,-0.667682166158575,-0.249350572141751,0.295750216561395,0.713354150172523,0.999173130337013,0.999224264697687,0.999224274360661,0.999224274362512,0.999224274362661,0.999224274362661,0.999224274362661,0.999224274362661,0.999224274362661
0.999190899617921,0.99919023562379,0.999188760149447,0.999186082582577,0.999181262558647,0.999152718585722,0.791374380519724,0.648285081037605,0.450997644790139,0.21347954864317,-0.0597832761389208,-0.331822670235451,-0.562955670731072,-0.745557972848851,-0.864748654831098,-0.995449732600803,-0.995474263790025,-0.995487170386445,-0.995487173986805,-0.99548717520406,-0.995487175204515,-0.995487175204604,-0.995487175204604,-0.995487175204604,-0.995487175204604,-0.995487175204604,-0.995487175204604,-0.995487175204604,-0.995487175204604,-0.995487175204604,-0.995487175204604,-0.995487175204604,-0.995487175204604,-0.995487175204604,-0.995487175204604,-0.995487175204604,-0.995487175204604,-0.995487175204604,-0.995487175204604,-0.995487175204604,-0.995487175204604,-0.995487175204604,-0.995487175204604,-0.995487175204604,-0.995487175204604,-0.995487175204604,-0.995487175204604,-0.995487175204604,-0.995487175204239,-0.99548717229935,-0.99546599367435,-0.875635684231436,-0.647193305791363,-0.22152303341513,0.318700949558361,0.73339220682167,0.999171150323022,0.999224262795272,0.999224272378493,0.999224274361766,0.999224274362506,0.999224274362661,0.999224274362661,0.999224274362661
0.999224271269874,0.999224271208282,0.999224271071433,0.999224270823139,0.999224270375982,0.999224265947265,0.999205011271685,0.999178567282769,0.856878899312704,0.752040010016642,0.613480530000071,0.381346406789591,0.0888833288328667,-0.234227388823086,-0.511918949205185,-0.724205066849846,-0.856876751419822,-0.995448346506981,-0.995474101266854,-0.995487170376982,-0.995487174013492,-0.99548717520409,-0.995487175204515,-0.995487175204604,-0.995487175204604,-0.995487175204604,-0.995487175204604,-0.995487175204604,-0.995487175204604,-0.995487175204604,-0.995487175204604,-0.995487175204604,-0.995487175204604,-0.995487175204604,-0.995487175204604,-0.995487175204604,-0.995487175204604,-0.995487175204604,-0.995487175204604,-0.995487175204604,-0.995487175204604,-0.995487175204604,-0.995487175204604,-0.995487175204604,-0.995487175204604,-0.995487175204604,-0.995487175204604,-0.995487175204604,-0.995487175204604,-0.995487175203972,-0.99548717111737,-0.995464448261977,-0.871194374123408,-0.64414289195339,-0.235517715265137,0.279438835728597,0.691995586058238,0.999152609076853,0.999202880380584,0.99922426649221,0.999224272196449,0.999224274361615,0.999224274362286,0.999224274362314
0.999224274362391,0.999224274362391,0.999224274362391,0.99922427436238,0.999224274362314,0.99922427436173,0.999224272577447,0.999224268906324,0.999211085060734,0.999201368446469,0.999172840460113,0.829852092756226,0.682942886508804,0.450995410787802,0.149149872556519,-0.194228037333543,-0.492047389853022,-0.717145304515642,-0.855116404670768,-0.99544840157688,-0.995474386422128,-0.995487170543364,-0.995487174096605,-0.995487175204138,-0.995487175204515,-0.995487175204604,-0.995487175204604,-0.995487175204604,-0.995487175204604,-0.995487175204604,-0.995487175204604,-0.995487175204604,-0.995487175204604,-0.995487175204604,-0.995487175204604,-0.995487175204604,-0.995487175204604,-0.995487175204604,-0.995487175204604,-0.995487175204604,-0.995487175204604,-0.995487175204604,-0.995487175204604,-0.995487175204604,-0.995487175204604,-0.995487175204604,-0.995487175204604,-0.995487175204604,-0.995487175204604,-0.995487175204604,-0.995487175203835,-0.995487170980729,-0.995464525773355,-0.876466567587578,-0.675143634876047,-0.328608956242908,0.131440337952571,0.533439807321308,0.768505269219294,0.99916076393405,0.999200912680582,0.999224264613504,0.99922426988732,0.999224270246632
0.999224274362661,0.999224274362661,0.999224274362661,0.999224274362661,0.999224274362661,0.999224274362661,0.999224274362512,0.999224274362065,0.999224273140678,0.99922427224016,0.999224268143889,0.999208579229654,0.999180957178706,0.847996837049211,0.706048038465432,0.475399587472519,0.169113322135481,-0.183557972537734,-0.489909868658924,-0.719453273295958,-0.858166183545906,-0.99544989881989,-0.995475278216134,-0.995487170941417,-0.995487174233949,-0.995487175204187,-0.995487175204604,-0.995487175204604,-0.995487175204604,-0.995487175204604,-0.995487175204604,-0.995487175204604,-0.995487175204604,-0.995487175204604,-0.995487175204604,-0.995487175204604,-0.995487175204604,-0.995487175204604,-0.995487175204604,-0.995487175204604,-0.995487175204604,-0.995487175204604,-0.995487175204604,-0.995487175204604,-0.995487175204604,-0.995487175204604,-0.995487175204604,-0.995487175204604,-0.995487175204604,-0.995487175204604,-0.995487175204604,-0.995487175203835,-0.995487171219364,-0.995467011279352,-0.897891948938168,-0.759248130477118,-0.499659550290923,-0.145255505135422,0.229434412883068,0.544891939050517,0.747272738927322,0.999142467127926,0.999176008193295,0.999179879380873
0.999224274362661,0.999224274362661,0.999224274362661,0.999224274362661,0.999224274362661,0.999224274362661,0.999224274362661,0.999224274362661,0.999224274362582,0.999224274362507,0.999224274361964,0.999224272908259,0.999224269051274,0.999210259502969,0.999183650493566,0.854000153898165,0.712720171442249,0.479580743791228,0.167052301679069,-0.193118923026301,-0.503475577307416,-0.732450576646089,-0.867734697173949,-0.995453279431304,-0.995476752340554,-0.995487171661055,-0.995487175203638,-0.995487175204499,-0.995487175204604,-0.995487175204604,-0.995487175204604,-0.995487175204604,-0.995487175204604,-0.995487175204604,-0.995487175204604,-0.995487175204604,-0.995487175204604,-0.995487175204604,-0.995487175204604,-0.995487175204604,-0.995487175204604,-0.995487175204604,-0.995487175204604,-0.995487175204604,-0.995487175204604,-0.995487175204604,-0.995487175204604,-0.995487175204604,-0.995487175204604,-0.995487175204604,-0.995487175204604,-0.995487175204604,-0.995487175204014,-0.995487172481751,-0.995478087406908,-0.995452038898795,-0.854276825488067,-0.702944208299001,-0.466787858816555,-0.177661919981682,0.117726016347884,0.368819389773254,0.478702945500171,0.52042459244365
0.999224274362661,0.999224274362661,0.999224274362661,0.999224274362661,0.999224274362661,0.999224274362661,0.999224274362661,0.999224274362661,0.999224274362661,0.999224274362661,0.999224274362661,0.999224274362515,0.999224274362065,0.999224273063807,0.99922426935156,0.999210814222665,0.999184284724032,0.854219949360583,0.709705727386231,0.467851500299512,0.141870691785266,-0.229624795132552,-0.540649278794453,-0.759167494382167,-0.883558682988385,-0.995459532379378,-0.995487168138955,-0.995487173756098,-0.995487175203956,-0.995487175204499,-0.995487175204604,-0.995487175204604,-0.995487175204604,-0.995487175204604,-0.995487175204604,-0.995487175204604,-0.995487175204604,-0.995487175204604,-0.995487175204604,-0.995487175204604,-0.995487175204604,-0.995487175204604,-0.995487175204604,-0.995487175204604,-0.995487175204604,-0.995487175204604,-0.995487175204604,-0.995487175204604,-0.995487175204604,-0.995487175204604,-0.995487175204604,-0.995487175204604,-0.995487175204604,-0.995487175204311,-0.99548717435831,-0.99548717071015,-0.995474027224713,-0.99544679222846,-0.854220377364308,-0.735526124718434,-0.583090947481888,-0.437526097998729,-0.340960958321769,-0.294362719389915
0.999224274362512,0.999224274362512,0.999224274362515,0.999224274362582,0.999224274362661,0.999224274362661,0.999224274362661,0.999224274362661,0.999224274362661,0.999224274362661,0.999224274362661,0.999224274362661,0.999224274362661,0.999224274362582,0.999224274362118,0.999224273115066,0.999224269411447,0.999210833037867,0.999183512150991,0.848939553462239,0.694132145429157,0.428607232282764,0.0724472544940289,-0.301618709194305,-0.597966444741214,-0.810476642658481,-0.99543891485782,-0.995471620156511,-0.995487169434921,-0.995487173704486,-0.995487175203897,-0.995487175204499,-0.995487175204604,-0.995487175204604,-0.995487175204604,-0.995487175204604,-0.995487175204604,-0.995487175204604,-0.995487175204604,-0.995487175204604,-0.995487175204604,-0.995487175204604,-0.995487175204604,-0.995487175204604,-0.995487175204604,-0.995487175204604,-0.995487175204604,-0.995487175204604,-0.995487175204604,-0.995487175204604,-0.995487175204604,-0.995487175204604,-0.995487175204604,-0.995487175204604,-0.995487175204563,-0.99548717520409,-0.995487173980328,-0.995487170221424,-0.995474022717131,-0.995453768327604,-0.896574978947235,-0.844162927835055,-0.811609658865965,-0.795614799191039
0.999224272484705,0.999224272594393,0.999224272833811,0.999224273286257,0.999224274362118,0.999224274362507,0.999224274362582,0.999224274362661,0.999224274362661,0.999224274362661,0.999224274362661,0.999224274362661,0.999224274362661,0.999224274362661,0.999224274362661,0.999224274362582,0.999224274362123,0.999224273116644,0.999224269293883,0.99921034218937,0.999180218234407,0.829009177292791,0.631542799698273,0.350291805583115,-0.016648661521323,-0.381726157589213,-0.662094893364885,-0.82842641204653,-0.995440745402841,-0.995471063728204,-0.995487169010131,-0.995487173449275,-0.995487175203752,-0.995487175204359,-0.995487175204452,-0.995487175204515,-0.995487175204604,-0.995487175204604,-0.995487175204604,-0.995487175204604,-0.995487175204604,-0.995487175204604,-0.995487175204604,-0.995487175204604,-0.995487175204604,-0.995487175204604,-0.995487175204604,-0.995487175204604,-0.995487175204604,-0.995487175204604,-0.995487175204604,-0.995487175204604,-0.995487175204604,-0.995487175204604,-0.995487175204604,-0.995487175204604,-0.995487175204515,-0.99548717520406,-0.995487173980027,-0.99548717123787,-0.995477967046718,-0.995473087248855,-0.995470056469115,-0.995468567308228
0.99920401946418,0.999205201965285,0.999207784256632,0.999212664203672,0.999224269074846,0.999224272309589,0.99922427323536,0.999224274362168,0.999224274362582,0.999224274362661,0.999224274362661,0.999224274362661,0.999224274362661,0.999224274362661,0.999224274362661,0.999224274362661,0.999224274362661,0.999224274362582,0.999224274362118,0.999224273070901,0.999224267934897,0.999198977539668,0.896510862064077,0.781836325135544,0.579221307387097,0.285761585343791,-0.0761201390406501,-0.407776838928363,-0.663782562774515,-0.82244034979196,-0.995436736245366,-0.995468322166633,-0.995487167583887,-0.995487172372304,-0.995487173277996,-0.995487174053318,-0.995487175204015,-0.995487175204452,-0.995487175204515,-0.995487175204604,-0.995487175204604,-0.995487175204604,-0.995487175204604,-0.995487175204604,-0.995487175204604,-0.995487175204604,-0.995487175204604,-0.995487175204604,-0.995487175204604,-0.995487175204604,-0.995487175204604,-0.995487175204604,-0.995487175204604,-0.995487175204604,-0.995487175204604,-0.995487175204604,-0.995487175204604,-0.995487175204604,-0.995487175204515,-0.995487175204175,-0.995487174347412,-0.995487173893075,-0.995487173610921,-0.995487173472279
0.78076779806228,0.793520819567063,0.821370013317224,0.873996588110654,0.999178843139683,0.999202132512045,0.999212115585403,0.999224269776411,0.999224273267056,0.99922427436223,0.999224274362661,0.999224274362661,0.999224274362661,0.999224274362661,0.999224274362661,0.999224274362661,0.999224274362661,0.999224274362661,0.999224274362661,0.999224274362582,0.999224274361779,0.999224271135539,0.999214751437998,0.999193329064247,0.882774201136049,0.760366415881135,0.554812264323276,0.274371298847424,-0.0633338456445396,-0.375821028583319,-0.626691121339116,-0.792988710807928,-0.995424154781532,-0.995456755163862,-0.995466480436209,-0.995474808240336,-0.995487169924315,-0.995487173227055,-0.995487174041609,-0.995487175204015,-0.995487175204452,-0.995487175204515,-0.995487175204604,-0.995487175204604,-0.995487175204604,-0.995487175204604,-0.995487175204604,-0.995487175204604,-0.995487175204604,-0.995487175204604,-0.995487175204604,-0.995487175204604,-0.995487175204604,-0.995487175204604,-0.995487175204604,-0.995487175204604,-0.995487175204604,-0.995487175204604,-0.995487175204604,-0.995487175204604,-0.995487175204563,-0.995487175204515,-0.995487175204499,-0.995487175204499
0.246609838589761,0.280716690783964,0.353337236234845,0.471612869285463,0.634414927324827,0.760431405747169,0.868083924219208,0.999186958764219,0.999212459960298,0.999224270576366,0.999224274361764,0.999224274362661,0.999224274362661,0.999224274362661,0.999224274362661,0.999224274362661,0.999224274362661,0.999224274362661,0.999224274362661,0.999224274362661,0.999224274362661,0.999224274362314,0.9992242734797,0.999224270493572,0.999213477286014,0.999190926047661,0.878344221856541,0.761200192689339,0.574598683199403,0.32938908537305,0.033254398414328,-0.266587860933161,-0.52100553353794,-0.668761520324722,-0.77320038763342,-0.862645925579687,-0.995442816014957,-0.995465936504521,-0.995474682776862,-0.995487169938992,-0.995487173303979,-0.995487174156703,-0.995487175204138,-0.995487175204515,-0.995487175204604,-0.995487175204604,-0.995487175204604,-0.995487175204604,-0.995487175204604,-0.995487175204604,-0.995487175204604,-0.995487175204604,-0.995487175204604,-0.995487175204604,-0.995487175204604,-0.995487175204604,-0.995487175204604,-0.995487175204604,-0.995487175204604,-0.995487175204604,-0.995487175204604,-0.995487175204604,-0.995487175204604,-0.995487175204604
-0.552200855782645,-0.528017105406118,-0.468182157652002,-0.340360522389927,-0.0707920426104717,0.221170729246189,0.501353984147072,0.727852949292803,0.871813932114201,0.999195243097016,0.999224268164058,0.999224274361406,0.999224274362661,0.999224274362661,0.999224274362661,0.999224274362661,0.999224274362661,0.999224274362661,0.999224274362661,0.999224274362661,0.999224274362661,0.999224274362661,0.999224274362603,0.99922427436223,0.999224273361493,0.999224270232461,0.999213066120026,0.999191901131424,0.888043217225539,0.793199525468494,0.663852617727524,0.460344326815784,0.222547587087105,-0.0209399510247732,-0.261310106604827,-0.473117721605592,-0.651817501316715,-0.767380960030687,-0.861304103152425,-0.995443101078712,-0.995466763048299,-0.995475919719358,-0.995487170932567,-0.995487174203664,-0.995487175204234,-0.995487175204604,-0.995487175204604,-0.995487175204604,-0.995487175204604,-0.995487175204604,-0.995487175204604,-0.995487175204604,-0.995487175204604,-0.995487175204604,-0.995487175204604,-0.995487175204604,-0.995487175204604,-0.995487175204604,-0.995487175204604,-0.995487175204604,-0.995487175204604,-0.995487175204604,-0.995487175204604,-0.995487175204604
-0.99544590488217,-0.995443653105858,-0.995438079380376,-0.995401318124279,-0.728363609473225,-0.515687672442831,-0.185325613964559,0.198661567332683,0.553577441488009,0.813469780933205,0.999186437127643,0.999224266952684,0.999224274361267,0.999224274362661,0.999224274362661,0.999224274362661,0.999224274362661,0.999224274362661,0.999224274362661,0.999224274362661,0.999224274362661,0.999224274362661,0.999224274362661,0.999224274362661,0.999224274362582,0.999224274362215,0.999224273323335,0.999224270406095,0.999213966108542,0.999205170455941,0.999180312803215,0.860410509707422,0.761243580510831,0.644556198049811,0.463810860340612,0.24714035743778,-0.00151640372980349,-0.251731161709036,-0.471913553882236,-0.656234107319643,-0.776260794997919,-0.874591223846094,-0.995452536901684,-0.995476425927882,-0.995487171857393,-0.995487175203835,-0.995487175204604,-0.995487175204604,-0.995487175204604,-0.995487175204604,-0.995487175204604,-0.995487175204604,-0.995487175204604,-0.995487175204604,-0.995487175204604,-0.995487175204604,-0.995487175204604,-0.995487175204604,-0.995487175204604,-0.995487175204604,-0.995487175204604,-0.995487175204604,-0.995487175204604,-0.995487175204604
-0.995487171362559,-0.995487171152952,-0.995487170633579,-0.995487164898016,-0.995462304905651,-0.99541945241437,-0.747793830552157,-0.491389259068339,-0.0517978392266505,0.428575841428128,0.776828876450553,0.999182175389084,0.999224266604468,0.999224274361294,0.999224274362661,0.999224274362661,0.999224274362661,0.999224274362661,0.999224274362661,0.999224274362661,0.999224274362661,0.999224274362661,0.999224274362661,0.999224274362661,0.999224274362661,0.999224274362661,0.999224274362582,0.99922427436223,0.999224273406918,0.999224272591173,0.999224269094258,0.999211404187906,0.999202207770312,0.999178712583483,0.862438227800151,0.768365439888888,0.651779687443101,0.468020185020085,0.245038911980708,-0.0128145432519275,-0.276635668764804,-0.533067216804595,-0.744290078828109,-0.880041580229366,-0.995461964438129,-0.995487170193911,-0.995487175203669,-0.995487175204604,-0.995487175204604,-0.995487175204604,-0.995487175204604,-0.995487175204604,-0.995487175204604,-0.995487175204604,-0.995487175204604,-0.995487175204604,-0.995487175204604,-0.995487175204604,-0.995487175204604,-0.995487175204604,-0.995487175204604,-0.995487175204604,-0.995487175204604,-0.995487175204604
-0.995487175204239,-0.995487175204234,-0.995487175204187,-0.99548717520345,-0.995487172888984,-0.995487166754315,-0.995464112442976,-0.995407768796939,-0.646594980458696,-0.172483694602802,0.374180192952046,0.767501936037763,0.99918268051195,0.999224267043794,0.999224274361403,0.999224274362661,0.999224274362661,0.999224274362661,0.999224274362661,0.999224274362661,0.999224274362661,0.999224274362661,0.999224274362661,0.999224274362661,0.999224274362661,0.999224274362661,0.999224274362661,0.999224274362661,0.999224274362582,0.999224274362512,0.999224274362065,0.999224273169434,0.999224272316544,0.999224268963508,0.999211592680684,0.999202868968548,0.999179444034878,0.86308422453895,0.767527027868304,0.649227222890626,0.469239250362075,0.140905482752962,-0.242655466243102,-0.594024184761105,-0.840096734338349,-0.995458554650513,-0.995487170292567,-0.995487175203866,-0.995487175204604,-0.995487175204604,-0.995487175204604,-0.995487175204604,-0.995487175204604,-0.995487175204604,-0.995487175204604,-0.995487175204604,-0.995487175204604,-0.995487175204604,-0.995487175204604,-0.995487175204604,-0.995487175204604,-0.995487175204604,-0.995487175204604,-0.995487175204604
-0.995487175204604,-0.995487175204604,-0.995487175204604,-0.995487175204604,-0.995487175204428,-0.995487175203638,-0.99548717305679,-0.99548716205528,-0.995425310122691,-0.679781441272884,-0.195471859615081,0.383920076650156,0.782277264275554,0.99918691471651,0.999224268021844,0.999224274361635,0.999224274362661,0.999224274362661,0.999224274362661,0.999224274362661,0.999224274362661,0.999224274362661,0.999224274362661,0.999224274362661,0.999224274362661,0.999224274362661,0.999224274362661,0.999224274362661,0.999224274362661,0.999224274362661,0.999224274362661,0.999224274362582,0.999224274362508,0.999224274362065,0.999224273186937,0.999224272377922,0.999224269037182,0.999211653036196,0.99920279298808,0.999191821668455,0.999150421435036,0.732602238045563,0.453591756643357,-0.0333831510025071,-0.535348389233923,-0.843409836152868,-0.995463023916079,-0.995487172025989,-0.995487175204234,-0.995487175204604,-0.995487175204604,-0.995487175204604,-0.995487175204604,-0.995487175204604,-0.995487175204604,-0.995487175204604,-0.995487175204604,-0.995487175204604,-0.995487175204604,-0.995487175204604,-0.995487175204604,-0.995487175204604,-0.995487175204604,-0.995487175204604
-0.995487175204604,-0.995487175204604,-0.995487175204604,-0.995487175204604,-0.995487175204604,-0.995487175204604,-0.995487175204428,-0.995487175202336,-0.995487163920403,-0.995427805016318,-0.673394117786003,-0.144490029513834,0.445110182450027,0.813172880224645,0.999193231481822,0.999224269268828,0.999224274361909,0.999224274362661,0.999224274362661,0.999224274362661,0.999224274362661,0.999224274362661,0.999224274362661,0.999224274362661,0.999224274362661,0.999224274362661,0.999224274362661,0.999224274362661,0.999224274362661,0.999224274362661,0.999224274362661,0.999224274362661,0.999224274362661,0.999224274362661,0.999224274362582,0.999224274362512,0.999224274362065,0.999224273192575,0.999224272371184,0.999224271353574,0.999224265225001,0.999199550678327,0.999134390490031,0.575365858682332,-0.0465190010984793,-0.61104116387548,-0.888106495773776,-0.995477177296457,-0.99548717427368,-0.995487175204515,-0.995487175204604,-0.995487175204604,-0.995487175204604,-0.995487175204604,-0.995487175204604,-0.995487175204604,-0.995487175204604,-0.995487175204604,-0.995487175204604,-0.995487175204604,-0.995487175204604,-0.995487175204604,-0.995487175204604,-0.995487175204604
-0.995487175204604,-0.995487175204604,-0.995487175204604,-0.995487175204604,-0.995487175204604,-0.995487175204604,-0.995487175204604,-0.995487175204604,-0.995487175202481,-0.995487163400194,-0.995419722554178,-0.592979767249942,-0.0258398989712342,0.535564829754564,0.850412183268305,0.999200366099108,0.999224271208664,0.999224274362314,0.999224274362661,0.999224274362661,0.999224274362661,0.999224274362661,0.999224274362661,0.999224274362661,0.999224274362661,0.999224274362661,0.999224274362661,0.999224274362661,0.999224274362661,0.999224274362661,0.999224274362661,0.999224274362661,0.999224274362661,0.999224274362661,0.999224274362661,0.999224274362661,0.999224274362661,0.999224274362582,0.999224274362512,0.999224274362391,0.999224274361635,0.999224272069404,0.999224257504865,0.999132301429429,0.431071598190621,-0.287884349437067,-0.77046785688156,-0.995457271770561,-0.995487171587312,-0.995487175204234,-0.995487175204604,-0.995487175204604,-0.995487175204604,-0.995487175204604,-0.995487175204604,-0.995487175204604,-0.995487175204604,-0.995487175204604,-0.995487175204604,-0.995487175204604,-0.995487175204604,-0.995487175204604,-0.995487175204604,-0.995487175204604
-0.995487175204604,-0.995487175204604,-0.995487175204604,-0.995487175204604,-0.995487175204604,-0.995487175204604,-0.995487175204604,-0.995487175204604,-0.995487175204499,-0.995487173735951,-0.995471408016981,-0.82615940829295,-0.465387163328541,0.124314357763464,0.634087284042849,0.890131151888871,0.999214157872313,0.999224273424312,0.999224274362582,0.999224274362661,0.999224274362661,0.999224274362661,0.999224274362661,0.999224274362661,0.999224274362661,0.999224274362661,0.999224274362661,0.999224274362661,0.999224274362661,0.999224274362661,0.999224274362661,0.999224274362661,0.999224274362661,0.999224274362661,0.999224274362661,0.999224274362661,0.999224274362661,0.999224274362661,0.999224274362661,0.999224274362661,0.999224274362661,0.99922427436223,0.9992242718764,0.999197468812435,0.710153204544678,0.0610549947166409,-0.603628643523909,-0.899264978190956,-0.995478217382749,-0.995487174370695,-0.995487175204563,-0.995487175204604,-0.995487175204604,-0.995487175204604,-0.995487175204604,-0.995487175204604,-0.995487175204604,-0.995487175204604,-0.995487175204604,-0.995487175204604,-0.995487175204604,-0.995487175204604,-0.995487175204604,-0.995487175204604
-0.995487175204604,-0.995487175204604,-0.995487175204604,-0.995487175204604,-0.995487175204604,-0.995487175204604,-0.995487175204604,-0.995487175204604,-0.995487175204604,-0.995487175204015,-0.995487170338537,-0.995450662733021,-0.772556712694787,-0.328817855673876,0.294187960599033,0.744913187000776,0.999185130564386,0.999224268276728,0.999224274361786,0.999224274362661,0.999224274362661,0.999224274362661,0.999224274362661,0.999224274362661,0.999224274362661,0.999224274362661,0.999224274362661,0.999224274362661,0.999224274362661,0.999224274362661,0.999224274362661,0.999224274362661,0.999224274362661,0.999224274362661,0.999224274362661,0.999224274362661,0.999224274362661,0.999224274362661,0.999224274362661,0.999224274362661,0.999224274362661,0.999224274362661,0.999224274361475,0.999224263942634,0.999138673364498,0.365021924376119,-0.426729066647461,-0.838229895106196,-0.995472534780758,-0.995487173841633,-0.995487175204515,-0.995487175204604,-0.995487175204604,-0.995487175204604,-0.995487175204604,-0.995487175204604,-0.995487175204604,-0.995487175204604,-0.995487175204604,-0.995487175204604,-0.995487175204604,-0.995487175204604,-0.995487175204604,-0.995487175204604
-0.995487175204604,-0.995487175204604,-0.995487175204604,-0.995487175204604,-0.995487175204604,-0.995487175204604,-0.995487175204604,-0.995487175204604,-0.995487175204604,-0.995487175204604,-0.995487175203413,-0.995487167055321,-0.995436134867427,-0.67011333501296,-0.140943623243898,0.466440345739833,0.831298469354267,0.999197764956328,0.999224270890676,0.999224274362286,0.999224274362661,0.999224274362661,0.999224274362661,0.999224274362661,0.999224274362661,0.999224274362661,0.999224274362661,0.999224274362661,0.999224274362661,0.999224274362661,0.999224274362661,0.999224274362661,0.999224274362661,0.999224274362661,0.999224274362661,0.999224274362661,0.999224274362661,0.999224274362661,0.999224274362661,0.999224274362661,0.999224274362661,0.999224274362661,0.999224274362314,0.999224270170458,0.999179062668827,0.511644787465278,-0.284028994748821,-0.789255666233472,-0.995467975118469,-0.995487173417153,-0.995487175204467,-0.995487175204604,-0.995487175204604,-0.995487175204604,-0.995487175204604,-0.995487175204604,-0.995487175204604,-0.995487175204604,-0.995487175204604,-0.995487175204604,-0.995487175204604,-0.995487175204604,-0.995487175204604,-0.995487175204604
-0.995487175204604,-0.995487175204604,-0.995487175204604,-0.995487175204604,-0.995487175204604,-0.995487175204604,-0.995487175204604,-0.995487175204604,-0.995487175204604,-0.995487175204604,-0.995487175204515,-0.995487173954151,-0.995473748941116,-0.851293672477717,-0.516991067972866,0.067168263921455,0.605353167812801,0.881183030889373,0.999213328189387,0.999224273347361,0.999224274362582,0.999224274362661,0.999224274362661,0.999224274362661,0.999224274362661,0.999224274362661,0.999224274362661,0.999224274362661,0.999224274362661,0.999224274362661,0.999224274362661,0.999224274362661,0.999224274362661,0.999224274362661,0.999224274362661,0.999224274362661,0.999224274362661,0.999224274362661,0.999224274362661,0.999224274362661,0.999224274362661,0.999224274362661,0.99922427436238,0.999224270848316,0.999186368659283,0.590403666448364,-0.172507171317697,-0.748202384160102,-0.995464152868862,-0.995487173061309,-0.995487175204428,-0.995487175204604,-0.995487175204604,-0.995487175204604,-0.995487175204604,-0.995487175204604,-0.995487175204604,-0.995487175204604,-0.995487175204604,-0.995487175204604,-0.995487175204604,-0.995487175204604,-0.995487175204604,-0.995487175204604
-0.995487175204604,-0.995487175204604,-0.995487175204604,-0.995487175204604,-0.995487175204604,-0.995487175204604,-0.995487175204604,-0.995487175204604,-0.995487175204604,-0.995487175204604,-0.995487175204604,-0.99548717520409,-0.995487170733103,-0.995452561997475,-0.767839371093526,-0.352687878093826,0.260053072443414,0.725758536553684,0.999181324366545,0.99922426748294,0.999224274361575,0.999224274362661,0.999224274362661,0.999224274362661,0.999224274362661,0.999224274362661,0.999224274362661,0.999224274362661,0.999224274362661,0.999224274362661,0.999224274362661,0.999224274362661,0.999224274362661,0.999224274362661,0.999224274362661,0.999224274362661,0.999224274362661,0.999224274362661,0.999224274362661,0.999224274362661,0.999224274362661,0.999224274362661,0.999224274362391,0.999224271278911,0.999191012460158,0.640483042303444,-0.0819000756086248,-0.712295792958591,-0.995460809783199,-0.995487172750054,-0.995487175204406,-0.995487175204604,-0.995487175204604,-0.995487175204604,-0.995487175204604,-0.995487175204604,-0.995487175204604,-0.995487175204604,-0.995487175204604,-0.995487175204604,-0.995487175204604,-0.995487175204604,-0.995487175204604,-0.995487175204604
-0.995487175204604,-0.995487175204604,-0.995487175204604,-0.995487175204604,-0.995487175204604,-0.995487175204604,-0.995487175204604,-0.995487175204604,-0.995487175204604,-0.995487175204604,-0.995487175204604,-0.995487175204563,-0.995487174353754,-0.995478038581821,-0.897363369968402,-0.663678804733615,-0.179589446520357,0.420986381194912,0.809392268790955,0.999193007250171,0.999224269243365,0.999224274361909,0.999224274362661,0.999224274362661,0.999224274362661,0.999224274362661,0.999224274362661,0.999224274362661,0.999224274362661,0.999224274362661,0.999224274362661,0.999224274362661,0.999224274362661,0.999224274362661,0.999224274362661,0.999224274362661,0.999224274362661,0.999224274362661,0.999224274362661,0.999224274362661,0.999224274362661,0.999224274362661,0.999224274362429,0.999224271604225,0.999194521138999,0.678322663184023,-0.00243963162994899,-0.678402481477738,-0.995457654165248,-0.995487172456284,-0.995487175204359,-0.995487175204604,-0.995487175204604,-0.995487175204604,-0.995487175204604,-0.995487175204604,-0.995487175204604,-0.995487175204604,-0.995487175204604,-0.995487175204604,-0.995487175204604,-0.995487175204604,-0.995487175204604,-0.995487175204604
-0.995487175204604,-0.995487175204604,-0.995487175204604,-0.995487175204604,-0.995487175204604,-0.995487175204604,-0.995487175204604,-0.995487175204604,-0.995487175204604,-0.995487175204604,-0.995487175204604,-0.995487175204604,-0.995487175204239,-0.99548717232064,-0.995465327820038,-0.858901547323703,-0.563033560833462,-0.0164609323188528,0.540881636939862,0.851764029332049,0.999200313857495,0.999224271187416,0.999224274362314,0.999224274362661,0.999224274362661,0.999224274362661,0.999224274362661,0.999224274362661,0.999224274362661,0.999224274362661,0.999224274362661,0.999224274362661,0.999224274362661,0.999224274362661,0.999224274362661,0.999224274362661,0.999224274362661,0.999224274362661,0.999224274362661,0.999224274362661,0.999224274362661,0.999224274362661,0.999224274362483,0.999224271890996,0.999197614648999,0.711686127181985,0.0745975217152039,-0.642566155848281,-0.995454317669022,-0.995487172145663,-0.995487175204355,-0.995487175204604,-0.995487175204604,-0.995487175204604,-0.995487175204604,-0.995487175204604,-0.995487175204604,-0.995487175204604,-0.995487175204604,-0.995487175204604,-0.995487175204604,-0.995487175204604,-0.995487175204604,-0.995487175204604
-0.995487175204604,-0.995487175204604,-0.995487175204604,-0.995487175204604,-0.995487175204604,-0.995487175204604,-0.995487175204604,-0.995487175204604,-0.995487175204604,-0.995487175204604,-0.995487175204604,-0.995487175204604,-0.995487175204604,-0.995487175203929,-0.995487170439681,-0.9954578306816,-0.816825770295911,-0.448357226075544,0.137920079708881,0.635754507378339,0.888207644901865,0.999213979543222,0.999224273407752,0.999224274362582,0.999224274362661,0.999224274362661,0.999224274362661,0.999224274362661,0.999224274362661,0.999224274362661,0.999224274362661,0.999224274362661,0.999224274362661,0.999224274362661,0.999224274362661,0.999224274362661,0.999224274362661,0.999224274362661,0.999224274362661,0.999224274362661,0.999224274362661,0.999224274362661,0.999224274362506,0.999224272179578,0.99920072743149,0.745258298548141,0.157855491444402,-0.598713853195972,-0.995450234823176,-0.995487171765588,-0.995487175204311,-0.995487175204604,-0.995487175204604,-0.995487175204604,-0.995487175204604,-0.995487175204604,-0.995487175204604,-0.995487175204604,-0.995487175204604,-0.995487175204604,-0.995487175204604,-0.995487175204604,-0.995487175204604,-0.995487175204604
-0.995487175204604,-0.995487175204604,-0.995487175204604,-0.995487175204604,-0.995487175204604,-0.995487175204604,-0.995487175204604,-0.995487175204604,-0.995487175204604,-0.995487175204604,-0.995487175204604,-0.995487175204604,-0.995487175204604,-0.995487175204604,-0.995487175203583,-0.995487168737328,-0.99544704005497,-0.742997494672604,-0.311286335733918,0.28815435184563,0.732910117809072,0.999181497689452,0.99922426735945,0.999224274361526,0.999224274362661,0.999224274362661,0.999224274362661,0.999224274362661,0.999224274362661,0.999224274362661,0.999224274362661,0.999224274362661,0.999224274362661,0.999224274362661,0.999224274362661,0.999224274362661,0.999224274362661,0.999224274362661,0.999224274362661,0.999224274362661,0.999224274362661,0.999224274362661,0.999224274362512,0.999224272502328,0.999204208710404,0.782805130938347,0.257062034253511,-0.535123437934887,-0.99544431408629,-0.995487171214405,-0.995487175204234,-0.995487175204604,-0.995487175204604,-0.995487175204604,-0.995487175204604,-0.995487175204604,-0.995487175204604,-0.995487175204604,-0.995487175204604,-0.995487175204604,-0.995487175204604,-0.995487175204604,-0.995487175204604,-0.995487175204604
-0.995487175204604,-0.995487175204604,-0.995487175204604,-0.995487175204604,-0.995487175204604,-0.995487175204604,-0.995487175204604,-0.995487175204604,-0.995487175204604,-0.995487175204604,-0.995487175204604,-0.995487175204604,-0.995487175204604,-0.995487175204604,-0.995487175204515,-0.995487174290421,-0.995477360323761,-0.890083854352369,-0.649156451453092,-0.167821745230547,0.41872182597132,0.80410609587727,0.99919150136574,0.999224268925761,0.999224274361892,0.999224274362661,0.999224274362661,0.999224274362661,0.999224274362661,0.999224274362661,0.999224274362661,0.999224274362661,0.999224274362661,0.999224274362661,0.999224274362661,0.999224274362661,0.999224274362661,0.999224274362661,0.999224274362661,0.999224274362661,0.999224274362661,0.999224274362661,0.999224274362515,0.999224272894395,0.99920843784982,0.828417603254244,0.383720096395508,-0.425432786779868,-0.995434096114843,-0.995487170261728,-0.995487175203752,-0.995487175204359,-0.995487175204499,-0.995487175204604,-0.995487175204604,-0.995487175204604,-0.995487175204604,-0.995487175204604,-0.995487175204604,-0.995487175204604,-0.995487175204604,-0.995487175204604,-0.995487175204604,-0.995487175204604
-0.995487175204604,-0.995487175204604,-0.995487175204604,-0.995487175204604,-0.995487175204604,-0.995487175204604,-0.995487175204604,-0.995487175204604,-0.995487175204604,-0.995487175204604,-0.995487175204604,-0.995487175204604,-0.995487175204604,-0.995487175204604,-0.995487175204604,-0.995487175204234,-0.99548717217675,-0.995464460845349,-0.856870364087333,-0.566956683899668,-0.038095584368467,0.516970423574441,0.840806780714553,0.999198393949462,0.99922427092558,0.999224274362286,0.999224274362661,0.999224274362661,0.999224274362661,0.999224274362661,0.999224274362661,0.999224274362661,0.999224274362661,0.999224274362661,0.999224274362661,0.999224274362661,0.999224274362661,0.999224274362661,0.999224274362661,0.999224274362661,0.999224274362661,0.999224274362661,0.999224274362582,0.999224273422513,0.999214133831249,0.889848320812752,0.549072812848781,-0.209409073632031,-0.99536585212505,-0.995487153093668,-0.995487171028997,-0.995487172349826,-0.995487173456339,-0.995487175203669,-0.995487175204234,-0.995487175204311,-0.995487175204311,-0.995487175204355,-0.995487175204359,-0.995487175204359,-0.995487175204359,-0.995487175204359,-0.995487175204359,-0.995487175204359
-0.995487175204604,-0.995487175204604,-0.995487175204604,-0.995487175204604,-0.995487175204604,-0.995487175204604,-0.995487175204604,-0.995487175204604,-0.995487175204604,-0.995487175204604,-0.995487175204604,-0.995487175204604,-0.995487175204604,-0.995487175204604,-0.995487175204604,-0.995487175204604,-0.995487175203889,-0.995487170408322,-0.995458361176964,-0.824557399449461,-0.483333937339684,0.0839613718606636,0.603266715226161,0.878456752536451,0.999213075413084,0.999224273323929,0.999224274362582,0.999224274362661,0.999224274362661,0.999224274362661,0.999224274362661,0.999224274362661,0.999224274362661,0.999224274362661,0.999224274362661,0.999224274362661,0.999224274362661,0.999224274362661,0.999224274362661,0.999224274362661,0.999224274362661,0.999224274362661,0.999224274362661,0.999224274362229,0.999224270344004,0.999191063284953,0.750359199151272,0.233020538685529,-0.478409748435302,-0.995370948606972,-0.99544233511362,-0.995456506400295,-0.995468391614436,-0.995487166838353,-0.995487171183576,-0.995487171641265,-0.995487171915129,-0.995487172092828,-0.995487172213809,-0.99548717229813,-0.99548717235699,-0.995487172396795,-0.995487172421596,-0.995487172433529
-0.995487175204604,-0.995487175204604,-0.995487175204604,-0.995487175204604,-0.995487175204604,-0.995487175204604,-0.995487175204604,-0.995487175204604,-0.995487175204604,-0.995487175204604,-0.995487175204604,-0.995487175204604,-0.995487175204604,-0.995487175204604,-0.995487175204604,-0.995487175204604,-0.995487175204604,-0.995487175203635,-0.99548716924112,-0.995451921057798,-0.787686769642673,-0.384052731927783,0.227926532201534,0.713337281033516,0.999180248808243,0.999224267586368,0.999224274361713,0.999224274362661,0.999224274362661,0.999224274362661,0.999224274362661,0.999224274362661,0.999224274362661,0.999224274362661,0.999224274362661,0.999224274362661,0.999224274362661,0.999224274362661,0.999224274362661,0.999224274362661,0.999224274362661,0.999224274362661,0.999224274362661,0.999224274362582,0.999224273458933,0.999214529316695,0.894133514624069,0.650197545208323,0.20958661894689,-0.264111177651891,-0.513884874960279,-0.666029834176098,-0.793681478366217,-0.995416055394573,-0.995443964648242,-0.995448869426236,-0.995451801658371,-0.995453699677539,-0.995454988010038,-0.995455882536884,-0.995456503961868,-0.995456923531155,-0.995457183674077,-0.995457308340267
-0.995487175204604,-0.995487175204604,-0.995487175204604,-0.995487175204604,-0.995487175204604,-0.995487175204604,-0.995487175204604,-0.995487175204604,-0.995487175204604,-0.995487175204604,-0.995487175204604,-0.995487175204604,-0.995487175204604,-0.995487175204604,-0.995487175204604,-0.995487175204604,-0.995487175204604,-0.995487175204604,-0.995487175203364,-0.995487167871125,-0.995443642263142,-0.73562319484601,-0.235954775070291,0.39928461416975,0.810214714306078,0.999195199198588,0.999224270596216,0.99922427436223,0.999224274362661,0.999224274362661,0.999224274362661,0.999224274362661,0.999224274362661,0.999224274362661,0.999224274362661,0.999224274362661,0.999224274362661,0.999224274362661,0.999224274362661,0.999224274362661,0.999224274362661,0.999224274362661,0.999224274362661,0.999224274362661,0.999224274362367,0.999224271622647,0.999204461010453,0.89058534959284,0.731246610161563,0.48727382166355,0.244561551811066,0.00436508152023077,-0.230590823290808,-0.433132741478297,-0.531166271429237,-0.583746758416822,-0.615144491380353,-0.635423512265027,-0.649149562476321,-0.658648250903219,-0.665223359248682,-0.669647361791023,-0.672382405178665,-0.673690566721197
-0.995487175204499,-0.995487175204515,-0.995487175204515,-0.995487175204604,-0.995487175204604,-0.995487175204604,-0.995487175204604,-0.995487175204604,-0.995487175204604,-0.995487175204604,-0.995487175204604,-0.995487175204604,-0.995487175204604,-0.995487175204604,-0.995487175204604,-0.995487175204604,-0.995487175204604,-0.995487175204604,-0.995487175204604,-0.99548717520303,-0.995487165595985,-0.995427479076184,-0.614080275946615,-0.0245981871530116,0.566670345289302,0.874589628794855,0.999212717395081,0.999224273290924,0.999224274362582,0.999224274362661,0.999224274362661,0.999224274362661,0.999224274362661,0.999224274362661,0.999224274362661,0.999224274362661,0.999224274362661,0.999224274362661,0.999224274362661,0.999224274362661,0.999224274362661,0.999224274362661,0.999224274362661,0.999224274362661,0.999224274362661,0.999224274362178,0.999224271592097,0.999214199886736,0.999187222182875,0.867549310705993,0.771718676351378,0.665334121505948,0.51721759708875,0.37379398802421,0.265466556710402,0.187743324366902,0.132414422806245,0.0928940676301091,0.0645564813996128,0.0442640987418303,0.0299176587190245,0.0201353325695792,0.0140377167364009,0.0111081103398206
-0.995487173651573,-0.995487173832599,-0.995487174246818,-0.995487175204138,-0.995487175204515,-0.995487175204604,-0.995487175204604,-0.995487175204604,-0.995487175204604,-0.995487175204604,-0.995487175204604,-0.995487175204604,-0.995487175204604,-0.995487175204604,-0.995487175204604,-0.995487175204604,-0.995487175204604,-0.995487175204604,-0.995487175204604,-0.995487175204499,-0.99548717370453,-0.995471068470825,-0.822506931340741,-0.425851293273969,0.223545762107767,0.729428907609447,0.999186014121084,0.999224269587604,0.999224274362138,0.999224274362661,0.999224274362661,0.999224274362661,0.999224274362661,0.999224274362661,0.999224274362661,0.999224274362661,0.999224274362661,0.999224274362661,0.999224274362661,0.999224274362661,0.999224274362661,0.999224274362661,0.999224274362661,0.999224274362661,0.999224274362661,0.999224274362661,0.999224274362367,0.999224273428324,0.999224269795885,0.999212065185889,0.999203176844613,0.999182574322643,0.883414013980572,0.825881181935279,0.786494795103685,0.757519488587316,0.736044089313107,0.720167867767839,0.708480370299601,0.699945450841971,0.69382416408492,0.689607392118962,0.686960907118603,0.685684389670504
-0.995470493056054,-0.995472437082832,-0.995476886280586,-0.995487170739466,-0.9954871739027,-0.99548717520409,-0.995487175204604,-0.995487175204604,-0.995487175204604,-0.995487175204604,-0.995487175204604,-0.995487175204604,-0.995487175204604,-0.995487175204604,-0.995487175204604,-0.995487175204604,-0.995487175204604,-0.995487175204604,-0.995487175204604,-0.995487175204604,-0.995487175204014,-0.99548716994266,-0.99544674965115,-0.734179815900395,-0.187473644965822,0.480925427608982,0.856311935793602,0.999211023093176,0.999224273133893,0.999224274362582,0.999224274362661,0.999224274362661,0.999224274362661,0.999224274362661,0.999224274362661,0.999224274362661,0.999224274362661,0.999224274362661,0.999224274362661,0.999224274362661,0.999224274362661,0.999224274362661,0.999224274362661,0.999224274362661,0.999224274362661,0.999224274362661,0.999224274362661,0.999224274362582,0.999224274362168,0.999224273230624,0.999224272406207,0.999224269500172,0.999213533805417,0.999208195206155,0.999204537723807,0.999201843657039,0.999199843232849,0.999198360661489,0.999197265793014,0.999196463301843,0.999195885481959,0.999195485931745,0.999195234377724,0.999195112786834
-0.816296111634878,-0.837176402168674,-0.884962734657639,-0.995449493588818,-0.995473192231277,-0.995487170779361,-0.995487175203615,-0.995487175204604,-0.995487175204604,-0.995487175204604,-0.995487175204604,-0.995487175204604,-0.995487175204604,-0.995487175204604,-0.995487175204604,-0.995487175204604,-0.995487175204604,-0.995487175204604,-0.995487175204604,-0.995487175204604,-0.995487175204604,-0.995487175203234,-0.995487165234708,-0.995420490108013,-0.540455202335775,0.157398774003342,0.719302100966806,0.999186942944407,0.999224269847002,0.999224274362178,0.999224274362661,0.999224274362661,0.999224274362661,0.999224274362661,0.999224274362661,0.999224274362661,0.999224274362661,0.999224274362661,0.999224274362661,0.999224274362661,0.999224274362661,0.999224274362661,0.999224274362661,0.999224274362661,0.999224274362661,0.999224274362661,0.999224274362661,0.999224274362661,0.999224274362661,0.999224274362582,0.999224274362512,0.999224274362145,0.999224273366561,0.99922427287119,0.999224272531533,0.999224272281039,0.999224272094679,0.999224271956149,0.999224271853506,0.99922427177797,0.999224271723342,0.999224271685419,0.999224271661434,0.99922427164981
-0.350688334841812,-0.408595767193802,-0.52746283218229,-0.70121059687481,-0.845298905979739,-0.995453614808494,-0.995487168779237,-0.995487175203583,-0.995487175204604,-0.995487175204604,-0.995487175204604,-0.995487175204604,-0.995487175204604,-0.995487175204604,-0.995487175204604,-0.995487175204604,-0.995487175204604,-0.995487175204604,-0.995487175204604,-0.995487175204604,-0.995487175204604,-0.995487175204452,-0.995487173143008,-0.995465036063827,-0.757706707344404,-0.182964584164143,0.519029850881271,0.876459929786008,0.999212892448726,0.999224273307406,0.999224274362582,0.999224274362661,0.999224274362661,0.999224274362661,0.999224274362661,0.999224274362661,0.999224274362661,0.999224274362661,0.999224274362661,0.999224274362661,0.999224274362661,0.999224274362661,0.999224274362661,0.999224274362661,0.999224274362661,0.999224274362661,0.999224274362661,0.999224274362661,0.999224274362661,0.999224274362661,0.999224274362661,0.999224274362661,0.999224274362582,0.999224274362515,0.999224274362512,0.999224274362507,0.999224274362498,0.999224274362483,0.999224274362483,0.999224274362461,0.999224274362441,0.999224274362429,0.999224274362429,0.999224274362429
0.478048462199241,0.418518876686208,0.261786471483751,-0.0857596223479849,-0.454896274675835,-0.785131387809969,-0.995451703357705,-0.995487170423517,-0.99548717520406,-0.995487175204604,-0.995487175204604,-0.995487175204604,-0.995487175204604,-0.995487175204604,-0.995487175204604,-0.995487175204604,-0.995487175204604,-0.995487175204604,-0.995487175204604,-0.995487175204604,-0.995487175204604,-0.995487175204604,-0.995487175203635,-0.995487166572131,-0.995416572942877,-0.474862627620402,0.285832565908467,0.786988681541039,0.999204595500134,0.999224272537982,0.999224274362512,0.999224274362661,0.999224274362661,0.999224274362661,0.999224274362661,0.999224274362661,0.999224274362661,0.999224274362661,0.999224274362661,0.999224274362661,0.999224274362661,0.999224274362661,0.999224274362661,0.999224274362661,0.999224274362661,0.999224274362661,0.999224274362661,0.999224274362661,0.999224274362661,0.999224274362661,0.999224274362661,0.999224274362661,0.999224274362661,0.999224274362661,0.999224274362661,0.999224274362661,0.999224274362661,0.999224274362661,0.999224274362661,0.999224274362661,0.999224274362661,0.999224274362661,0.999224274362661,0.999224274362661
0.999175949212467,0.999170425465009,0.999122213927969,0.635909254671941,0.254175050397679,-0.400035918279352,-0.824764620033917,-0.995471280456275,-0.995487173724688,-0.995487175204499,-0.995487175204604,-0.995487175204604,-0.995487175204604,-0.995487175204604,-0.995487175204604,-0.995487175204604,-0.995487175204604,-0.995487175204604,-0.995487175204604,-0.995487175204604,-0.995487175204604,-0.995487175204604,-0.995487175204355,-0.995487172144538,-0.995454309513412,-0.642498481087766,0.050875989889691,0.688726849478663,0.999185874586223,0.999224269911706,0.999224274362188,0.999224274362661,0.999224274362661,0.999224274362661,0.999224274362661,0.999224274362661,0.999224274362661,0.999224274362661,0.999224274362661,0.999224274362661,0.999224274362661,0.999224274362661,0.999224274362661,0.999224274362661,0.999224274362661,0.999224274362661,0.999224274362661,0.999224274362661,0.999224274362661,0.999224274362661,0.999224274362661,0.999224274362661,0.999224274362661,0.999224274362661,0.999224274362661,0.999224274362661,0.999224274362661,0.999224274362661,0.999224274362661,0.999224274362661,0.999224274362661,0.999224274362661,0.999224274362661,0.999224274362661
0.999224269882173,0.99922426936945,0.99922426177801,0.999190579662991,0.999070771333131,0.0888679313109094,-0.651278823024574,-0.995444597020245,-0.995487170260615,-0.99548717520409,-0.995487175204604,-0.995487175204604,-0.995487175204604,-0.995487175204604,-0.995487175204604,-0.995487175204604,-0.995487175204604,-0.995487175204604,-0.995487175204604,-0.995487175204604,-0.995487175204604,-0.995487175204604,-0.995487175204452,-0.995487173321838,-0.995466950297406,-0.778237068123287,-0.179070413935371,0.557680818229763,0.895518694984449,0.999214659713925,0.999224273471297,0.999224274362603,0.999224274362661,0.999224274362661,0.999224274362661,0.999224274362661,0.999224274362661,0.999224274362661,0.999224274362661,0.999224274362661,0.999224274362661,0.999224274362661,0.999224274362661,0.999224274362661,0.999224274362661,0.999224274362661,0.999224274362661,0.999224274362661,0.999224274362661,0.999224274362661,0.999224274362661,0.999224274362661,0.999224274362661,0.999224274362661,0.999224274362661,0.999224274362661,0.999224274362661,0.999224274362661,0.999224274362661,0.999224274362661,0.999224274362661,0.999224274362661,0.999224274362661,0.999224274362661
0.999224274362286,0.999224274362229,0.999224274360638,0.999224265399719,0.999161284328673,0.319987319405644,-0.50378396038297,-0.882293909792909,-0.995476637996609,-0.995487174223702,-0.995487175204515,-0.995487175204604,-0.995487175204604,-0.995487175204604,-0.995487175204604,-0.995487175204604,-0.995487175204604,-0.995487175204604,-0.995487175204604,-0.995487175204604,-0.995487175204604,-0.995487175204604,-0.995487175204604,-0.995487175203601,-0.995487166057068,-0.995409126670584,-0.374367670375533,0.443080229133366,0.850373114931773,0.999210473594425,0.999224273083134,0.999224274362582,0.999224274362661,0.999224274362661,0.999224274362661,0.999224274362661,0.999224274362661,0.999224274362661,0.999224274362661,0.999224274362661,0.999224274362661,0.999224274362661,0.999224274362661,0.999224274362661,0.999224274362661,0.999224274362661,0.999224274362661,0.999224274362661,0.999224274362661,0.999224274362661,0.999224274362661,0.999224274362661,0.999224274362661,0.999224274362661,0.999224274362661,0.999224274362661,0.999224274362661,0.999224274362661,0.999224274362661,0.999224274362661,0.999224274362661,0.999224274362661,0.999224274362661,0.999224274362661
0.999224274362661,0.999224274362661,0.999224274362227,0.999224269294882,0.999169618245628,0.409781753960563,-0.429252171597245,-0.846570311104862,-0.995473311803713,-0.99548717391401,-0.995487175204515,-0.995487175204604,-0.995487175204604,-0.995487175204604,-0.995487175204604,-0.995487175204604,-0.995487175204604,-0.995487175204604,-0.995487175204604,-0.995487175204604,-0.995487175204604,-0.995487175204604,-0.995487175204604,-0.995487175204175,-0.995487170447456,-0.995436079383405,-0.446702609769201,0.38413186719931,0.830029754626823,0.999208587326427,0.999224272908272,0.999224274362515,0.999224274362661,0.999224274362661,0.999224274362661,0.999224274362661,0.999224274362661,0.999224274362661,0.999224274362661,0.999224274362661,0.999224274362661,0.999224274362661,0.999224274362661,0.999224274362661,0.999224274362661,0.999224274362661,0.999224274362661,0.999224274362661,0.999224274362661,0.999224274362661,0.999224274362661,0.999224274362661,0.999224274362661,0.999224274362661,0.999224274362661,0.999224274362661,0.999224274362661,0.999224274362661,0.999224274362661,0.999224274362661,0.999224274362661,0.999224274362661,0.999224274362661,0.999224274362661
