-0.99768314373603,-0.99768314373603,-0.99768314373603,-0.99768314373603,-0.99768314373603,-0.99768314373603,-0.99768314373603,-0.99768314373603,-0.99768314373603,-0.99768314373603,-0.99768314373603,-0.99768314373603,-0.99768314373603,-0.99768314373603,-0.99768314373603,-0.99768314373603,-0.997634166537373,-0.469623966982731,0.433801503215939,0.999549739436817,0.999602103829313,0.999602108676046,0.999602108676046,0.999602108676046,0.999602108676046,0.999602108676046,0.999602108676046,0.999602108676046,0.999602108676046,0.999602108676046,0.999602108676046,0.999602108676046,0.999602108676046,0.999602108676046,0.999602108676046,0.999602108676046,0.999602108676046,0.999602108676046,0.999602108676046,0.999602108676046,0.999602108676046,0.999602108676046,0.999602108676046,0.999602108676046,0.999602108676046,0.999602108676046,0.999602108676046,0.999602108676046,0.999602108676046,0.999602108676046,0.999602108676046,0.999602108676046,0.999602108676046,0.999602108676046,0.999602108676046,0.999602108676046,0.999602108676046,0.999602108676046,0.999602108676046,0.999602108676046,0.999602108676046,0.999602108676046,0.999602108676046,0.999602108676046
-0.99768314373603,-0.99768314373603,-0.99768314373603,-0.99768314373603,-0.99768314373603,-0.99768314373603,-0.99768314373603,-0.99768314373603,-0.99768314373603,-0.99768314373603,-0.99768314373603,-0.99768314373603,-0.99768314373603,-0.99768314373603,-0.99768314373603,-0.997683139289454,-0.997635193350635,-0.480693429634399,0.420131739865079,0.999548473995858,0.999602103712204,0.999602108676046,0.999602108676046,0.999602108676046,0.999602108676046,0.999602108676046,0.999602108676046,0.999602108676046,0.999602108676046,0.999602108676046,0.999602108676046,0.999602108676046,0.999602108676046,0.999602108676046,0.999602108676046,0.999602108676046,0.999602108676046,0.999602108676046,0.999602108676046,0.999602108676046,0.999602108676046,0.999602108676046,0.999602108676046,0.999602108676046,0.999602108676046,0.999602108676046,0.999602108676046,0.999602108676046,0.999602108676046,0.999602108676046,0.999602108676046,0.999602108676046,0.999602108676046,0.999602108676046,0.999602108676046,0.999602108676046,0.999602108676046,0.999602108676046,0.999602108676046,0.999602108676046,0.999602108676046,0.999602108676046,0.999602108676046,0.999602108676046
-0.99768314373603,-0.99768314373603,-0.99768314373603,-0.99768314373603,-0.99768314373603,-0.99768314373603,-0.99768314373603,-0.99768314373603,-0.99768314373603,-0.99768314373603,-0.99768314373603,-0.99768314373603,-0.99768314373603,-0.99768314373603,-0.99768314373603,-0.997683139522076,-0.997637705808191,-0.507779115744494,0.382701893126138,0.99954500686855,0.999602103390929,0.999602108675594,0.999602108676046,0.999602108676046,0.999602108676046,0.999602108676046,0.999602108676046,0.999602108676046,0.999602108676046,0.999602108676046,0.999602108676046,0.999602108676046,0.999602108676046,0.999602108676046,0.999602108676046,0.999602108676046,0.999602108676046,0.999602108676046,0.999602108676046,0.999602108676046,0.999602108676046,0.999602108676046,0.999602108676046,0.999602108676046,0.999602108676046,0.999602108676046,0.999602108676046,0.999602108676046,0.999602108676046,0.999602108676046,0.999602108676046,0.999602108676046,0.999602108676046,0.999602108676046,0.999602108676046,0.999602108676046,0.999602108676046,0.999602108676046,0.999602108676046,0.999602108676046,0.999602108676046,0.999602108676046,0.999602108676046,0.999602108676046
-0.99768314373603,-0.99768314373603,-0.99768314373603,-0.99768314373603,-0.99768314373603,-0.99768314373603,-0.99768314373603,-0.99768314373603,-0.99768314373603,-0.99768314373603,-0.99768314373603,-0.99768314373603,-0.99768314373603,-0.99768314373603,-0.99768314373603,-0.997683139975685,-0.997642597184459,-0.560512472375501,0.293020606648348,0.999513749334763,0.999602098374638,0.999602108674887,0.999602108676046,0.999602108676046,0.999602108676046,0.999602108676046,0.999602108676046,0.999602108676046,0.999602108676046,0.999602108676046,0.999602108676046,0.999602108676046,0.999602108676046,0.999602108676046,0.999602108676046,0.999602108676046,0.999602108676046,0.999602108676046,0.999602108676046,0.999602108676046,0.999602108676046,0.999602108676046,0.999602108676046,0.999602108676046,0.999602108676046,0.999602108676046,0.999602108676046,0.999602108676046,0.999602108676046,0.999602108676046,0.999602108676046,0.999602108676046,0.999602108676046,0.999602108676046,0.999602108676046,0.999602108676046,0.999602108676046,0.999602108676046,0.999602108676046,0.999602108676046,0.999602108676046,0.999602108676046,0.999602108676046,0.999602108676046
-0.99768314373603,-0.99768314373603,-0.99768314373603,-0.99768314373603,-0.99768314373603,-0.99768314373603,-0.99768314373603,-0.99768314373603,-0.99768314373603,-0.99768314373603,-0.99768314373603,-0.99768314373603,-0.99768314373603,-0.99768314373603,-0.99768314373603,-0.997683140722759,-0.997650652725394,-0.647364057003017,0.083154303666484,0.751481451694707,0.999579145252208,0.99960210655099,0.999602108676046,0.999602108676046,0.999602108676046,0.999602108676046,0.999602108676046,0.999602108676046,0.999602108676046,0.999602108676046,0.999602108676046,0.999602108676046,0.999602108676046,0.999602108676046,0.999602108676046,0.999602108676046,0.999602108676046,0.999602108676046,0.999602108676046,0.999602108676046,0.999602108676046,0.999602108676046,0.999602108676046,0.999602108676046,0.999602108676046,0.999602108676046,0.999602108676046,0.999602108676046,0.999602108676046,0.999602108676046,0.999602108676046,0.999602108676046,0.999602108676046,0.999602108676046,0.999602108676046,0.999602108676046,0.999602108676046,0.999602108676046,0.999602108676046,0.999602108676046,0.999602108676046,0.999602108676046,0.999602108676046,0.999602108676046
-0.99768314373603,-0.99768314373603,-0.99768314373603,-0.99768314373603,-0.99768314373603,-0.99768314373603,-0.99768314373603,-0.99768314373603,-0.99768314373603,-0.99768314373603,-0.99768314373603,-0.99768314373603,-0.99768314373603,-0.99768314373603,-0.99768314373603,-0.997683141527736,-0.997659332479989,-0.740945560519979,-0.146890248440327,0.597538436411842,0.999564892863567,0.999602105231326,0.999602108675721,0.999602108676046,0.999602108676046,0.999602108676046,0.999602108676046,0.999602108676046,0.999602108676046,0.999602108676046,0.999602108676046,0.999602108676046,0.999602108676046,0.999602108676046,0.999602108676046,0.999602108676046,0.999602108676046,0.999602108676046,0.999602108676046,0.999602108676046,0.999602108676046,0.999602108676046,0.999602108676046,0.999602108676046,0.999602108676046,0.999602108676046,0.999602108676046,0.999602108676046,0.999602108676046,0.999602108676046,0.999602108676046,0.999602108676046,0.999602108676046,0.999602108676046,0.999602108676046,0.999602108676046,0.999602108676046,0.999602108676046,0.999602108676046,0.999602108676046,0.999602108676046,0.999602108676046,0.999602108676046,0.999602108676046
-0.99768314373603,-0.99768314373603,-0.99768314373603,-0.99768314373603,-0.99768314373603,-0.99768314373603,-0.99768314373603,-0.99768314373603,-0.99768314373603,-0.99768314373603,-0.99768314373603,-0.99768314373603,-0.99768314373603,-0.99768314373603,-0.99768314373603,-0.997683142386445,-0.997668591308989,-0.840768606362003,-0.384032132878094,0.402749022290464,0.999520173781079,0.999602098623453,0.999602108674876,0.999602108676046,0.999602108676046,0.999602108676046,0.999602108676046,0.999602108676046,0.999602108676046,0.999602108676046,0.999602108676046,0.999602108676046,0.999602108676046,0.999602108676046,0.999602108676046,0.999602108676046,0.999602108676046,0.999602108676046,0.999602108676046,0.999602108676046,0.999602108676046,0.999602108676046,0.999602108676046,0.999602108676046,0.999602108676046,0.999602108676046,0.999602108676046,0.999602108676046,0.999602108676046,0.999602108676046,0.999602108676046,0.999602108676046,0.999602108676046,0.999602108676046,0.999602108676046,0.999602108676046,0.999602108676046,0.999602108676046,0.999602108676046,0.999602108676046,0.999602108676046,0.999602108676046,0.999602108676046,0.999602108676046
-0.99768314373603,-0.99768314373603,-0.99768314373603,-0.99768314373603,-0.99768314373603,-0.99768314373603,-0.99768314373603,-0.99768314373603,-0.99768314373603,-0.99768314373603,-0.99768314373603,-0.99768314373603,-0.99768314373603,-0.99768314373603,-0.99768314373603,-0.997683143735385,-0.99768313783385,-0.9976340453323,-0.625153744126702,0.0613361061695905,0.711141610538344,0.999575407509334,0.99960210620408,0.999602108675814,0.999602108676046,0.999602108676046,0.999602108676046,0.999602108676046,0.999602108676046,0.999602108676046,0.999602108676046,0.999602108676046,0.999602108676046,0.999602108676046,0.999602108676046,0.999602108676046,0.999602108676046,0.999602108676046,0.999602108676046,0.999602108676046,0.999602108676046,0.999602108676046,0.999602108676046,0.999602108676046,0.999602108676046,0.999602108676046,0.999602108676046,0.999602108676046,0.999602108676046,0.999602108676046,0.999602108676046,0.999602108676046,0.999602108676046,0.999602108676046,0.999602108676046,0.999602108676046,0.999602108676046,0.999602108676046,0.999602108676046,0.999602108676046,0.999602108676046,0.999602108676046,0.999602108676046,0.999602108676046
-0.99768314373603,-0.99768314373603,-0.99768314373603,-0.99768314373603,-0.99768314373603,-0.99768314373603,-0.99768314373603,-0.99768314373603,-0.99768314373603,-0.99768314373603,-0.99768314373603,-0.99768314373603,-0.99768314373603,-0.99768314373603,-0.99768314373603,-0.997683143735872,-0.997683142051742,-0.997664985061035,-0.801904058801714,-0.30434138119964,0.433598585193861,0.999514137903763,0.999602094116638,0.999602108673518,0.999602108676046,0.999602108676046,0.999602108676046,0.999602108676046,0.999602108676046,0.999602108676046,0.999602108676046,0.999602108676046,0.999602108676046,0.999602108676046,0.999602108676046,0.999602108676046,0.999602108676046,0.999602108676046,0.999602108676046,0.999602108676046,0.999602108676046,0.999602108676046,0.999602108676046,0.999602108676046,0.999602108676046,0.999602108676046,0.999602108676046,0.999602108676046,0.999602108676046,0.999602108676046,0.999602108676046,0.999602108676046,0.999602108676046,0.999602108676046,0.999602108676046,0.999602108676046,0.999602108676046,0.999602108676046,0.999602108676046,0.999602108676046,0.999602108676046,0.999602108676046,0.999602108676046,0.999602108676046
-0.99768314373603,-0.99768314373603,-0.99768314373603,-0.99768314373603,-0.99768314373603,-0.99768314373603,-0.99768314373603,-0.99768314373603,-0.99768314373603,-0.99768314373603,-0.99768314373603,-0.99768314373603,-0.99768314373603,-0.99768314373603,-0.99768314373603,-0.99768314373603,-0.997683143735268,-0.997683137252164,-0.997631377886912,-0.63525240782605,-0.0231769039908994,0.61507091366049,0.999532736469315,0.999602095461314,0.999602108673275,0.999602108675706,0.999602108676046,0.999602108676046,0.999602108676046,0.999602108676046,0.999602108676046,0.999602108676046,0.999602108676046,0.999602108676046,0.999602108676046,0.999602108676046,0.999602108676046,0.999602108676046,0.999602108676046,0.999602108676046,0.999602108676046,0.999602108676046,0.999602108676046,0.999602108676046,0.999602108676046,0.999602108676046,0.999602108676046,0.999602108676046,0.999602108676046,0.999602108676046,0.999602108676046,0.999602108676046,0.999602108676046,0.999602108676046,0.999602108676046,0.999602108676046,0.999602108676046,0.999602108676046,0.999602108676046,0.999602108676046,0.999602108676046,0.999602108676046,0.999602108676046,0.999602108676046
-0.99768314373603,-0.99768314373603,-0.99768314373603,-0.99768314373603,-0.99768314373603,-0.99768314373603,-0.99768314373603,-0.99768314373603,-0.99768314373603,-0.99768314373603,-0.99768314373603,-0.99768314373603,-0.99768314373603,-0.99768314373603,-0.99768314373603,-0.99768314373603,-0.997683143735912,-0.99768314237462,-0.997668467810082,-0.83946469974842,-0.483027345440494,0.102985097849045,0.63451292022777,0.999528667391735,0.999602092047596,0.999602104733428,0.999602106389908,0.99960210867486,0.999602108675642,0.999602108676046,0.999602108676046,0.999602108676046,0.999602108676046,0.999602108676046,0.999602108676046,0.999602108676046,0.999602108676046,0.999602108676046,0.999602108676046,0.999602108676046,0.999602108676046,0.999602108676046,0.999602108676046,0.999602108676046,0.999602108676046,0.999602108676046,0.999602108676046,0.999602108676046,0.999602108676046,0.999602108676046,0.999602108676046,0.999602108676046,0.999602108676046,0.999602108676046,0.999602108676046,0.999602108676046,0.999602108676046,0.999602108676046,0.999602108676046,0.999602108676046,0.999602108676046,0.999602108676046,0.999602108676046,0.999602108676046
-0.99768314373603,-0.99768314373603,-0.99768314373603,-0.99768314373603,-0.99768314373603,-0.99768314373603,-0.99768314373603,-0.99768314373603,-0.99768314373603,-0.99768314373603,-0.99768314373603,-0.99768314373603,-0.99768314373603,-0.99768314373603,-0.99768314373603,-0.99768314373603,-0.99768314373603,-0.997683143735517,-0.997683139348419,-0.99765050129759,-0.803885404889574,-0.456251644549585,0.0579098419885059,0.571107314290114,0.999495848366647,0.999559518797998,0.999577404919844,0.999602098299525,0.99960210410411,0.999602104797286,0.999602105209326,0.999602105470563,0.999602105645754,0.999602105769772,0.999602105863119,0.999602105939388,0.999602106008727,0.999602106079825,0.999602106161015,0.999602106261917,0.999602106394453,0.999602106577383,0.999602106851085,0.999602107349282,0.999602108675263,0.999602108675728,0.999602108676046,0.999602108676046,0.999602108676046,0.999602108676046,0.999602108676046,0.999602108676046,0.999602108676046,0.999602108676046,0.999602108676046,0.999602108676046,0.999602108676046,0.999602108676046,0.999602108676046,0.999602108676046,0.999602108676046,0.999602108676046,0.999602108676046,0.999602108676046
-0.99768314373603,-0.99768314373603,-0.99768314373603,-0.99768314373603,-0.99768314373603,-0.99768314373603,-0.99768314373603,-0.99768314373603,-0.99768314373603,-0.99768314373603,-0.99768314373603,-0.99768314373603,-0.99768314373603,-0.99768314373603,-0.99768314373603,-0.99768314373603,-0.99768314373603,-0.99768314373603,-0.997683143735076,-0.997683137535618,-0.997648917099207,-0.822381619528126,-0.5752959709384,-0.156401248362667,0.279989805882871,0.539495403798573,0.732681031482385,0.999514677518053,0.999552713477618,0.999560198290922,0.999564650533879,0.999567472804018,0.999569366236896,0.99957070628967,0.999571714961961,0.999572539072229,0.999573288242886,0.999574055955777,0.999574933721354,0.999576023650903,0.99957745586802,0.999579431809428,0.999582389168677,0.999587771442769,0.999602101678635,0.999602105410407,0.999602106805445,0.999602108675193,0.999602108675867,0.999602108676046,0.999602108676046,0.999602108676046,0.999602108676046,0.999602108676046,0.999602108676046,0.999602108676046,0.999602108676046,0.999602108676046,0.999602108676046,0.999602108676046,0.999602108676046,0.999602108676046,0.999602108676046,0.999602108676046
-0.99768314373603,-0.99768314373603,-0.99768314373603,-0.99768314373603,-0.99768314373603,-0.99768314373603,-0.99768314373603,-0.99768314373603,-0.99768314373603,-0.99768314373603,-0.99768314373603,-0.99768314373603,-0.99768314373603,-0.99768314373603,-0.99768314373603,-0.99768314373603,-0.99768314373603,-0.99768314373603,-0.99768314373603,-0.997683143735053,-0.99768313905459,-0.997666882743687,-0.997620939071088,-0.749305115922534,-0.52005320063245,-0.235812486205921,0.0537395427252864,0.321843560872893,0.465962007295188,0.54679657948229,0.594896549162102,0.625388157438358,0.645845324083676,0.660323950389367,0.67122223527632,0.680126241641783,0.688220235332036,0.696514151552362,0.705996677461143,0.717771083301716,0.733243328076714,0.75458980891556,0.786539012013574,0.844683559449197,0.999540827348195,0.999566824783567,0.999581895376643,0.999602101358864,0.999602107105219,0.99960210867542,0.999602108676046,0.999602108676046,0.999602108676046,0.999602108676046,0.999602108676046,0.999602108676046,0.999602108676046,0.999602108676046,0.999602108676046,0.999602108676046,0.999602108676046,0.999602108676046,0.999602108676046,0.999602108676046
-0.99768314373603,-0.99768314373603,-0.99768314373603,-0.99768314373603,-0.99768314373603,-0.99768314373603,-0.99768314373603,-0.99768314373603,-0.99768314373603,-0.99768314373603,-0.99768314373603,-0.99768314373603,-0.99768314373603,-0.99768314373603,-0.99768314373603,-0.99768314373603,-0.99768314373603,-0.99768314373603,-0.99768314373603,-0.99768314373603,-0.997683143735481,-0.997683142227485,-0.997683135831813,-0.997660106225764,-0.997620004900397,-0.794481646826527,-0.657197906855676,-0.519664111663478,-0.368281627987817,-0.255626097336083,-0.175580124642008,-0.118591438836354,-0.0773878986874221,-0.0467771855931956,-0.0229705879506453,-0.00305478249334043,0.0153955722676451,0.0346275155925517,0.0569942110761861,0.0852607186068708,0.12298434722429,0.175037151156525,0.248299759556879,0.351985454888214,0.492358461608766,0.618392341106119,0.781198794109525,0.999543245902314,0.999585139336423,0.999602103544475,0.999602108674827,0.999602108676046,0.999602108676046,0.999602108676046,0.999602108676046,0.999602108676046,0.999602108676046,0.999602108676046,0.999602108676046,0.999602108676046,0.999602108676046,0.999602108676046,0.999602108676046,0.999602108676046
-0.99768314373603,-0.99768314373603,-0.99768314373603,-0.99768314373603,-0.99768314373603,-0.99768314373603,-0.99768314373603,-0.99768314373603,-0.99768314373603,-0.99768314373603,-0.99768314373603,-0.99768314373603,-0.99768314373603,-0.99768314373603,-0.99768314373603,-0.99768314373603,-0.99768314373603,-0.99768314373603,-0.99768314373603,-0.99768314373603,-0.99768314373603,-0.997683143735905,-0.997683143735111,-0.997683141599187,-0.99768313613389,-0.997664298446723,-0.99765156356723,-0.997624813503345,-0.846725243022364,-0.787330407569357,-0.753357056022703,-0.730194549074157,-0.713303137718204,-0.700503286969742,-0.690346356864204,-0.681690249253869,-0.673526700902394,-0.664854384384868,-0.654537278312538,-0.641102634590756,-0.622400487047325,-0.594966046798757,-0.552786371059663,-0.485051762260925,-0.372608437398877,-0.180520797137571,0.203775493103754,0.581954054015029,0.81627750861564,0.999563620239366,0.99960210094699,0.999602108674561,0.999602108676046,0.999602108676046,0.999602108676046,0.999602108676046,0.999602108676046,0.999602108676046,0.999602108676046,0.999602108676046,0.999602108676046,0.999602108676046,0.999602108676046,0.999602108676046
-0.99768314373603,-0.99768314373603,-0.99768314373603,-0.99768314373603,-0.99768314373603,-0.99768314373603,-0.99768314373603,-0.99768314373603,-0.99768314373603,-0.99768314373603,-0.99768314373603,-0.99768314373603,-0.99768314373603,-0.99768314373603,-0.99768314373603,-0.99768314373603,-0.99768314373603,-0.99768314373603,-0.99768314373603,-0.99768314373603,-0.99768314373603,-0.99768314373603,-0.99768314373603,-0.99768314373585,-0.99768314373517,-0.997683141988342,-0.997683140806967,-0.997683137029057,-0.997669144180002,-0.997663635007348,-0.997660484020493,-0.997658335805316,-0.99765676924303,-0.99765558216264,-0.997654640191112,-0.997653837389438,-0.997653080233831,-0.997652275846042,-0.997651318856269,-0.99765007266322,-0.997648337849622,-0.997645793034795,-0.997641880461133,-0.997635597382055,-0.997625163140118,-0.997566979737734,-0.562369792219997,-0.07570993816719,0.41256120202664,0.7670072729399,0.999557067792678,0.999602100075149,0.999602108674426,0.999602108676046,0.999602108676046,0.999602108676046,0.999602108676046,0.999602108676046,0.999602108676046,0.999602108676046,0.999602108676046,0.999602108676046,0.999602108676046,0.999602108676046
-0.997683139184468,-0.997683139274667,-0.997683139495713,-0.997683139927532,-0.997683140642247,-0.997683141419415,-0.997683142278426,-0.997683143735268,-0.997683143735807,-0.99768314373603,-0.99768314373603,-0.99768314373603,-0.99768314373603,-0.99768314373603,-0.99768314373603,-0.99768314373603,-0.99768314373603,-0.99768314373603,-0.99768314373603,-0.99768314373603,-0.99768314373603,-0.99768314373603,-0.99768314373603,-0.99768314373603,-0.99768314373603,-0.99768314373603,-0.997683143735765,-0.997683143735315,-0.997683142437801,-0.99768314192681,-0.997683141634588,-0.997683141435371,-0.997683141290068,-0.997683141179995,-0.997683141092647,-0.99768314101817,-0.997683140947958,-0.997683140873371,-0.997683140784625,-0.997683140669037,-0.997683140508114,-0.997683140272121,-0.997683139909229,-0.997683139326477,-0.997683138357803,-0.997683126316778,-0.997611452398962,-0.659928028988168,-0.198877376311204,0.341526955633945,0.745474944411361,0.999554198843714,0.999602099690014,0.999602108674364,0.999602108676046,0.999602108676046,0.999602108676046,0.999602108676046,0.999602108676046,0.999602108676046,0.999602108676046,0.999602108676046,0.999602108676046,0.999602108676046
-0.99763406608574,-0.997635038507125,-0.997637422272227,-0.997642078305536,-0.997649784856159,-0.997658165108351,-0.997667426825945,-0.997683137037933,-0.997683141255606,-0.997683142328795,-0.997683143735344,-0.997683143735861,-0.99768314373603,-0.99768314373603,-0.99768314373603,-0.99768314373603,-0.99768314373603,-0.99768314373603,-0.99768314373603,-0.99768314373603,-0.99768314373603,-0.99768314373603,-0.99768314373603,-0.99768314373603,-0.99768314373603,-0.99768314373603,-0.99768314373603,-0.99768314373603,-0.99768314373603,-0.99768314373603,-0.99768314373603,-0.99768314373603,-0.99768314373603,-0.99768314373603,-0.99768314373603,-0.99768314373603,-0.99768314373603,-0.99768314373603,-0.99768314373603,-0.99768314373603,-0.99768314373603,-0.99768314373603,-0.99768314373603,-0.99768314373603,-0.997683143735565,-0.997683143733316,-0.997683131618309,-0.997624149956891,-0.699277428976841,-0.248485018272483,0.311032895711273,0.736007299899824,0.99955290563468,0.999602099504954,0.999602108674327,0.999602108676046,0.999602108676046,0.999602108676046,0.999602108676046,0.999602108676046,0.999602108676046,0.999602108676046,0.999602108676046,0.999602108676046
-0.46854322578322,-0.479026576522775,-0.504725388488614,-0.554922180421723,-0.63801151079941,-0.728363099632297,-0.828214677448639,-0.997626628029202,-0.997656401785342,-0.997667969854346,-0.997683137692472,-0.997683141941131,-0.99768314373517,-0.997683143735807,-0.99768314373603,-0.99768314373603,-0.99768314373603,-0.99768314373603,-0.99768314373603,-0.99768314373603,-0.99768314373603,-0.99768314373603,-0.99768314373603,-0.99768314373603,-0.99768314373603,-0.99768314373603,-0.99768314373603,-0.99768314373603,-0.99768314373603,-0.99768314373603,-0.99768314373603,-0.99768314373603,-0.99768314373603,-0.99768314373603,-0.99768314373603,-0.99768314373603,-0.99768314373603,-0.99768314373603,-0.99768314373603,-0.99768314373603,-0.99768314373603,-0.99768314373603,-0.99768314373603,-0.99768314373603,-0.99768314373603,-0.99768314373603,-0.997683143733941,-0.997683133268208,-0.997629246048257,-0.714876819484789,-0.269150451546711,0.297544917562945,0.731501484312224,0.999552198513473,0.99960209937537,0.999602108674269,0.999602108676046,0.999602108676046,0.999602108676046,0.999602108676046,0.999602108676046,0.999602108676046,0.999602108676046,0.999602108676046
0.435011262186326,0.422153243183473,0.386963478114036,0.302622909509213,0.104669467827852,-0.110613891363799,-0.332664733593135,-0.557747162528255,-0.709370795648212,-0.834072025535637,-0.997633142924649,-0.997663793144481,-0.997683136099871,-0.997683141207904,-0.997683142362776,-0.997683143735398,-0.997683143735905,-0.99768314373603,-0.99768314373603,-0.99768314373603,-0.99768314373603,-0.99768314373603,-0.99768314373603,-0.99768314373603,-0.99768314373603,-0.99768314373603,-0.99768314373603,-0.99768314373603,-0.99768314373603,-0.99768314373603,-0.99768314373603,-0.99768314373603,-0.99768314373603,-0.99768314373603,-0.99768314373603,-0.99768314373603,-0.99768314373603,-0.99768314373603,-0.99768314373603,-0.99768314373603,-0.99768314373603,-0.99768314373603,-0.99768314373603,-0.99768314373603,-0.99768314373603,-0.99768314373603,-0.99768314373603,-0.997683143734168,-0.997683133932059,-0.997631309183737,-0.721523533802823,-0.278743655349815,0.290240320575857,0.72836669663729,0.999551505702772,0.99960209919454,0.999602108674223,0.999602108676046,0.999602108676046,0.999602108676046,0.999602108676046,0.999602108676046,0.999602108676046,0.999602108676046
0.999549851640462,0.999548661384791,0.999545401810947,0.999515557523393,0.761405073294466,0.622819694559446,0.460633374821151,0.190788388198286,-0.0984970769710468,-0.381394318347945,-0.622126994407504,-0.789053008344428,-0.997620144327399,-0.997655887939709,-0.997668336132893,-0.997683138075194,-0.997683142234309,-0.997683143735344,-0.997683143735905,-0.99768314373603,-0.99768314373603,-0.99768314373603,-0.99768314373603,-0.99768314373603,-0.99768314373603,-0.99768314373603,-0.99768314373603,-0.99768314373603,-0.99768314373603,-0.99768314373603,-0.99768314373603,-0.99768314373603,-0.99768314373603,-0.99768314373603,-0.99768314373603,-0.99768314373603,-0.99768314373603,-0.99768314373603,-0.99768314373603,-0.99768314373603,-0.99768314373603,-0.99768314373603,-0.99768314373603,-0.99768314373603,-0.99768314373603,-0.99768314373603,-0.99768314373603,-0.99768314373603,-0.997683143734242,-0.997683134210883,-0.997632253587078,-0.72506005807073,-0.285328121657675,0.283131654102658,0.724015519287785,0.999550243861408,0.999602098804285,0.999602108674137,0.999602108676046,0.999602108676046,0.999602108676046,0.999602108676046,0.999602108676046,0.999602108676046
0.999602103839755,0.999602103729619,0.99960210342756,0.999602098627104,0.999580064095602,0.999567234114165,0.999531475663056,0.775352342806873,0.603224998881983,0.353705130342314,0.0584676100863457,-0.244360543846326,-0.526993768963011,-0.703832034298972,-0.83802024142028,-0.997636902379637,-0.997666953811393,-0.997683137751953,-0.997683142240574,-0.997683143735385,-0.997683143735912,-0.99768314373603,-0.99768314373603,-0.99768314373603,-0.99768314373603,-0.99768314373603,-0.99768314373603,-0.99768314373603,-0.99768314373603,-0.99768314373603,-0.99768314373603,-0.99768314373603,-0.99768314373603,-0.99768314373603,-0.99768314373603,-0.99768314373603,-0.99768314373603,-0.99768314373603,-0.99768314373603,-0.99768314373603,-0.99768314373603,-0.99768314373603,-0.99768314373603,-0.99768314373603,-0.99768314373603,-0.99768314373603,-0.99768314373603,-0.99768314373603,-0.99768314373603,-0.997683143734296,-0.997683134358144,-0.997632896882952,-0.728460038026261,-0.294348065623509,0.2703053703477,0.714732286688697,0.999547288685017,0.999602097821175,0.999602108673726,0.999602108675783,0.999602108676046,0.999602108676046,0.999602108676046,0.999602108676046
0.999602108676046,0.999602108676046,0.999602108675594,0.999602108674916,0.999602106636024,0.999602105448201,0.999602100219558,0.99958135309368,0.999549340626826,0.825776734388821,0.688524690911075,0.509117423487114,0.216499714513994,-0.100354508576364,-0.407072244579852,-0.658706673135936,-0.823131708558792,-0.99763479898418,-0.997667021941394,-0.997683137923739,-0.997683142391195,-0.997683143735481,-0.99768314373603,-0.99768314373603,-0.99768314373603,-0.99768314373603,-0.99768314373603,-0.99768314373603,-0.99768314373603,-0.99768314373603,-0.99768314373603,-0.99768314373603,-0.99768314373603,-0.99768314373603,-0.99768314373603,-0.99768314373603,-0.99768314373603,-0.99768314373603,-0.99768314373603,-0.99768314373603,-0.99768314373603,-0.99768314373603,-0.99768314373603,-0.99768314373603,-0.99768314373603,-0.99768314373603,-0.99768314373603,-0.99768314373603,-0.99768314373603,-0.99768314373603,-0.997683143734319,-0.997683134498919,-0.997633771685505,-0.734492874046887,-0.313140820398597,0.240874579979268,0.69208461418153,0.999539619295268,0.999602094715471,0.999602105953218,0.99960210867467,0.999602108675566,0.999602108676046,0.999602108676046
0.999602108676046,0.999602108676046,0.999602108676046,0.999602108676046,0.999602108676046,0.999602108675728,0.999602108675102,0.999602106755025,0.999602102304674,0.99958602134709,0.999573315296625,0.999536242271194,0.778370992726121,0.592033131093323,0.306982517547863,-0.0367126773186463,-0.376633516682916,-0.650913345246387,-0.823868236622787,-0.99763658340364,-0.997668646080089,-0.997683138944587,-0.997683143734773,-0.997683143735884,-0.99768314373603,-0.99768314373603,-0.99768314373603,-0.99768314373603,-0.99768314373603,-0.99768314373603,-0.99768314373603,-0.99768314373603,-0.99768314373603,-0.99768314373603,-0.99768314373603,-0.99768314373603,-0.99768314373603,-0.99768314373603,-0.99768314373603,-0.99768314373603,-0.99768314373603,-0.99768314373603,-0.99768314373603,-0.99768314373603,-0.99768314373603,-0.99768314373603,-0.99768314373603,-0.99768314373603,-0.99768314373603,-0.99768314373603,-0.99768314373603,-0.997683143734364,-0.997683134746796,-0.997635570591628,-0.747857341478261,-0.356534888974627,0.16875362902217,0.631865582400339,0.999513727205915,0.999572696053727,0.999602096669939,0.999602103162328,0.999602103604007,0.999602103764747
0.999602108676046,0.999602108676046,0.999602108676046,0.999602108676046,0.999602108676046,0.999602108676046,0.999602108676046,0.999602108675847,0.999602108675304,0.999602107187311,0.999602106010971,0.999602100686371,0.999581631874146,0.999546129647513,0.802280649778996,0.618066120837843,0.326134035215965,-0.032970473777788,-0.388136711502994,-0.669415760700761,-0.841381210520903,-0.997645967516473,-0.997683134761078,-0.997683142134145,-0.997683143735385,-0.99768314373603,-0.99768314373603,-0.99768314373603,-0.99768314373603,-0.99768314373603,-0.99768314373603,-0.99768314373603,-0.99768314373603,-0.99768314373603,-0.99768314373603,-0.99768314373603,-0.99768314373603,-0.99768314373603,-0.99768314373603,-0.99768314373603,-0.99768314373603,-0.99768314373603,-0.99768314373603,-0.99768314373603,-0.99768314373603,-0.99768314373603,-0.99768314373603,-0.99768314373603,-0.99768314373603,-0.99768314373603,-0.99768314373603,-0.99768314373603,-0.997683143734431,-0.997683135286988,-0.997639597320265,-0.777912797979497,-0.455946351722747,-0.0189768020821388,0.412370086214294,0.681842214743611,0.999501775690022,0.99954253796211,0.999547304745153,0.99954904189223
0.999602108676046,0.999602108676046,0.999602108676046,0.999602108676046,0.999602108676046,0.999602108676046,0.999602108676046,0.999602108676046,0.999602108676046,0.999602108676046,0.999602108675783,0.999602108675144,0.999602106780723,0.999602101806086,0.999583844614444,0.999548819555621,0.805311352733788,0.61387733668509,0.302028021069815,-0.083748608265054,-0.458689368884601,-0.753077873830601,-0.997623529764215,-0.997665877074576,-0.997683138048595,-0.997683143734507,-0.99768314373585,-0.99768314373603,-0.99768314373603,-0.99768314373603,-0.99768314373603,-0.99768314373603,-0.99768314373603,-0.99768314373603,-0.99768314373603,-0.99768314373603,-0.99768314373603,-0.99768314373603,-0.99768314373603,-0.99768314373603,-0.99768314373603,-0.99768314373603,-0.99768314373603,-0.99768314373603,-0.99768314373603,-0.99768314373603,-0.99768314373603,-0.99768314373603,-0.99768314373603,-0.99768314373603,-0.99768314373603,-0.99768314373603,-0.99768314373603,-0.997683143734558,-0.997683136419411,-0.997647783318042,-0.836128154895338,-0.645281281412765,-0.354346397587628,-0.0479572202321635,0.233305526028181,0.356039009123072,0.407501240694431,0.426266435167934
0.999602108676046,0.999602108676046,0.999602108676046,0.999602108676046,0.999602108676046,0.999602108676046,0.999602108676046,0.999602108676046,0.999602108676046,0.999602108676046,0.999602108676046,0.999602108676046,0.999602108675847,0.999602108675236,0.999602106985519,0.99960210208088,0.999584124885884,0.999547226780191,0.792290616329776,0.574003606723052,0.203984170366489,-0.23550241639187,-0.599455810535146,-0.811533175913843,-0.997639073412921,-0.997683132899961,-0.997683141577666,-0.997683143735076,-0.99768314373585,-0.99768314373603,-0.99768314373603,-0.99768314373603,-0.99768314373603,-0.99768314373603,-0.99768314373603,-0.99768314373603,-0.99768314373603,-0.99768314373603,-0.99768314373603,-0.99768314373603,-0.99768314373603,-0.99768314373603,-0.99768314373603,-0.99768314373603,-0.99768314373603,-0.99768314373603,-0.99768314373603,-0.99768314373603,-0.99768314373603,-0.99768314373603,-0.99768314373603,-0.99768314373603,-0.99768314373603,-0.99768314373603,-0.997683143734932,-0.997683139067789,-0.997668158734681,-0.997634716036287,-0.827869458932495,-0.704920518554221,-0.594431725140688,-0.526371717732085,-0.490888913036667,-0.476251168177051
0.999602108676046,0.999602108676046,0.999602108676046,0.999602108676046,0.999602108676046,0.999602108676046,0.999602108676046,0.999602108676046,0.999602108676046,0.999602108676046,0.999602108676046,0.999602108676046,0.999602108676046,0.999602108676046,0.999602108675858,0.999602108675263,0.999602107011453,0.999602101821974,0.999582919175705,0.999538798969153,0.741104810264473,0.428234759209438,0.0285584269884614,-0.377771975777462,-0.708586160550977,-0.997610352859676,-0.997659877462203,-0.997683135307866,-0.997683141603581,-0.997683143735076,-0.997683143735807,-0.99768314373603,-0.99768314373603,-0.99768314373603,-0.99768314373603,-0.99768314373603,-0.99768314373603,-0.99768314373603,-0.99768314373603,-0.99768314373603,-0.99768314373603,-0.99768314373603,-0.99768314373603,-0.99768314373603,-0.99768314373603,-0.99768314373603,-0.99768314373603,-0.99768314373603,-0.99768314373603,-0.99768314373603,-0.99768314373603,-0.99768314373603,-0.99768314373603,-0.99768314373603,-0.99768314373603,-0.997683143735507,-0.997683142345978,-0.997683137785136,-0.997667394885172,-0.997655991240211,-0.99764574343189,-0.99763943045876,-0.997636139104913,-0.997634781297946
0.999602104724825,0.999602105060909,0.999602105749056,0.999602106518429,0.999602107351014,0.999602108675353,0.999602108675858,0.999602108676046,0.999602108676046,0.999602108676046,0.999602108676046,0.999602108676046,0.999602108676046,0.999602108676046,0.999602108676046,0.999602108676046,0.99960210867586,0.999602108675236,0.999602106899641,0.999602099150994,0.999562482557258,0.829887931159984,0.634768663984801,0.303032190161393,-0.111408303621441,-0.501878744579588,-0.746847429899323,-0.997615517549896,-0.997660154459735,-0.99768313522961,-0.997683141448875,-0.997683143734932,-0.997683143735685,-0.99768314373603,-0.99768314373603,-0.99768314373603,-0.99768314373603,-0.99768314373603,-0.99768314373603,-0.99768314373603,-0.99768314373603,-0.99768314373603,-0.99768314373603,-0.99768314373603,-0.99768314373603,-0.99768314373603,-0.99768314373603,-0.99768314373603,-0.99768314373603,-0.99768314373603,-0.99768314373603,-0.99768314373603,-0.99768314373603,-0.99768314373603,-0.99768314373603,-0.99768314373603,-0.997683143735912,-0.997683143735344,-0.997683142275474,-0.997683141217889,-0.997683140267494,-0.997683139682012,-0.997683139376712,-0.997683139250811
0.999559414771511,0.999563045962711,0.999570481424526,0.999578794398295,0.999587790357192,0.999602102851954,0.999602106996664,0.999602108675276,0.999602108675908,0.999602108676046,0.999602108676046,0.999602108676046,0.999602108676046,0.999602108676046,0.999602108676046,0.999602108676046,0.999602108676046,0.999602108676046,0.999602108675852,0.99960210867467,0.99960210355575,0.99958639930827,0.99954913207064,0.79198353928415,0.571497950419675,0.221963337281591,-0.163068358343761,-0.519303318851884,-0.749829422446115,-0.997614396758849,-0.997658486251476,-0.997683134066173,-0.997683140147475,-0.997683141176875,-0.997683142134993,-0.997683143735178,-0.997683143735733,-0.99768314373603,-0.99768314373603,-0.99768314373603,-0.99768314373603,-0.99768314373603,-0.99768314373603,-0.99768314373603,-0.99768314373603,-0.99768314373603,-0.99768314373603,-0.99768314373603,-0.99768314373603,-0.99768314373603,-0.99768314373603,-0.99768314373603,-0.99768314373603,-0.99768314373603,-0.99768314373603,-0.99768314373603,-0.99768314373603,-0.99768314373603,-0.99768314373603,-0.99768314373603,-0.99768314373603,-0.99768314373603,-0.99768314373603,-0.99768314373603
0.538322030271378,0.577551504540584,0.657885160526543,0.747699033132685,0.844890068321252,0.999553486869698,0.999583963997103,0.99960210214877,0.999602107253853,0.999602108675472,0.999602108676046,0.999602108676046,0.999602108676046,0.999602108676046,0.999602108676046,0.999602108676046,0.999602108676046,0.999602108676046,0.999602108676046,0.999602108676046,0.999602108675428,0.999602107221832,0.999602101995675,0.999582891009083,0.999541314008597,0.770783848204712,0.550150724512399,0.210626384534348,-0.159617259035832,-0.504238626189366,-0.731840963770054,-0.997603518747613,-0.997644454614831,-0.997655549153962,-0.997665879752113,-0.997683136210403,-0.997683140570687,-0.997683141449231,-0.997683142311668,-0.997683143735315,-0.997683143735807,-0.99768314373603,-0.99768314373603,-0.99768314373603,-0.99768314373603,-0.99768314373603,-0.99768314373603,-0.99768314373603,-0.99768314373603,-0.99768314373603,-0.99768314373603,-0.99768314373603,-0.99768314373603,-0.99768314373603,-0.99768314373603,-0.99768314373603,-0.99768314373603,-0.99768314373603,-0.99768314373603,-0.99768314373603,-0.99768314373603,-0.99768314373603,-0.99768314373603,-0.99768314373603
-0.343558687377636,-0.269535067744872,-0.0654688496576037,0.159702800755218,0.391870844365283,0.628917255172196,0.803565956758363,0.999549713424131,0.999586744158573,0.999602103954012,0.999602108674929,0.999602108676046,0.999602108676046,0.999602108676046,0.999602108676046,0.999602108676046,0.999602108676046,0.999602108676046,0.999602108676046,0.999602108676046,0.999602108676046,0.99960210867588,0.999602108675248,0.999602106897198,0.999602101090665,0.999580929048127,0.999539310042429,0.770480451918312,0.560039124785293,0.246287611020781,-0.0910106108328943,-0.404955842667141,-0.580569724128692,-0.700155362970973,-0.811530236566421,-0.997619249798925,-0.997649016360574,-0.997658486180642,-0.997667784903755,-0.997683137218287,-0.997683141367946,-0.997683142434449,-0.997683143735481,-0.99768314373603,-0.99768314373603,-0.99768314373603,-0.99768314373603,-0.99768314373603,-0.99768314373603,-0.99768314373603,-0.99768314373603,-0.99768314373603,-0.99768314373603,-0.99768314373603,-0.99768314373603,-0.99768314373603,-0.99768314373603,-0.99768314373603,-0.99768314373603,-0.99768314373603,-0.99768314373603,-0.99768314373603,-0.99768314373603,-0.99768314373603
-0.997622469892596,-0.997592169959981,-0.744928947598283,-0.590536061528564,-0.396952320890496,-0.0585285711303424,0.302468585218679,0.629465915878681,0.833613400330548,0.999566441379353,0.999602101405776,0.999602108674639,0.999602108676046,0.999602108676046,0.999602108676046,0.999602108676046,0.999602108676046,0.999602108676046,0.999602108676046,0.999602108676046,0.999602108676046,0.999602108676046,0.999602108676046,0.999602108675852,0.999602108675157,0.999602106715639,0.999602100902632,0.999580901225519,0.999541991562365,0.789565206948965,0.616459247024224,0.386486191267159,0.163133145796053,-0.0567810699426756,-0.277079405909289,-0.494873238652481,-0.62974178610198,-0.731821013807306,-0.832072688116708,-0.997628213401379,-0.99765761256705,-0.997669109360387,-0.997683138791261,-0.997683143734687,-0.997683143735905,-0.99768314373603,-0.99768314373603,-0.99768314373603,-0.99768314373603,-0.99768314373603,-0.99768314373603,-0.99768314373603,-0.99768314373603,-0.99768314373603,-0.99768314373603,-0.99768314373603,-0.99768314373603,-0.99768314373603,-0.99768314373603,-0.99768314373603,-0.99768314373603,-0.99768314373603,-0.99768314373603,-0.99768314373603
-0.99768313810859,-0.997683133126426,-0.997659702763994,-0.997645378919753,-0.997600786592965,-0.710387949252629,-0.438780437232441,0.00312808869010399,0.452438583004772,0.780155572586871,0.999559205208382,0.999602100480208,0.999602108674518,0.999602108676046,0.999602108676046,0.999602108676046,0.999602108676046,0.999602108676046,0.999602108676046,0.999602108676046,0.999602108676046,0.999602108676046,0.999602108676046,0.999602108676046,0.999602108676046,0.999602108675844,0.999602108675157,0.999602106713083,0.999602101314311,0.999582668242739,0.999552187986474,0.843315674753742,0.744998100075487,0.643414412531258,0.509772795935642,0.296807254823646,0.0829054744511623,-0.130940348713455,-0.348772796019185,-0.570972039766724,-0.72241997286252,-0.846356766156636,-0.997643850392714,-0.997683134140342,-0.997683142303784,-0.997683143735524,-0.99768314373603,-0.99768314373603,-0.99768314373603,-0.99768314373603,-0.99768314373603,-0.99768314373603,-0.99768314373603,-0.99768314373603,-0.99768314373603,-0.99768314373603,-0.99768314373603,-0.99768314373603,-0.99768314373603,-0.99768314373603,-0.99768314373603,-0.99768314373603,-0.99768314373603,-0.99768314373603
-0.997683143735524,-0.997683143734846,-0.997683141562164,-0.997683140233188,-0.997683133628193,-0.997656495255686,-0.997597557430416,-0.633733528137144,-0.166132076852745,0.364691174342274,0.755422296159906,0.999556438910571,0.99960210027449,0.999602108674541,0.999602108676046,0.999602108676046,0.999602108676046,0.999602108676046,0.999602108676046,0.999602108676046,0.999602108676046,0.999602108676046,0.999602108676046,0.999602108676046,0.999602108676046,0.999602108676046,0.999602108676046,0.999602108675844,0.999602108675205,0.999602106876699,0.999602102718273,0.999587644612714,0.999578544264206,0.999569140054341,0.999540099626102,0.819401583702071,0.713372886567314,0.602232012927763,0.444058328432027,0.167582147084252,-0.132261271840318,-0.431273516339644,-0.725274281394506,-0.997618952706497,-0.997667707306397,-0.997683139495316,-0.997683143735268,-0.99768314373603,-0.99768314373603,-0.99768314373603,-0.99768314373603,-0.99768314373603,-0.99768314373603,-0.99768314373603,-0.99768314373603,-0.99768314373603,-0.99768314373603,-0.99768314373603,-0.99768314373603,-0.99768314373603,-0.99768314373603,-0.99768314373603,-0.99768314373603,-0.99768314373603
-0.99768314373603,-0.99768314373603,-0.99768314373603,-0.997683143735685,-0.997683143734867,-0.997683141263782,-0.997683129997851,-0.997620571237826,-0.686885031208969,-0.226134003854429,0.334510830180773,0.750264643695737,0.999556981949978,0.999602100672663,0.999602108674668,0.999602108676046,0.999602108676046,0.999602108676046,0.999602108676046,0.999602108676046,0.999602108676046,0.999602108676046,0.999602108676046,0.999602108676046,0.999602108676046,0.999602108676046,0.999602108676046,0.999602108676046,0.999602108676046,0.999602108675852,0.999602108675342,0.999602107337535,0.999602106495255,0.999602105624563,0.999602101394813,0.999585431405972,0.999575617119078,0.999565327643306,0.999529169866644,0.767028373381427,0.586618453468963,0.328325923293243,-0.133782447320452,-0.577908408283935,-0.831275644982515,-0.997652845493285,-0.997683139547653,-0.997683143735524,-0.99768314373603,-0.99768314373603,-0.99768314373603,-0.99768314373603,-0.99768314373603,-0.99768314373603,-0.99768314373603,-0.99768314373603,-0.99768314373603,-0.99768314373603,-0.99768314373603,-0.99768314373603,-0.99768314373603,-0.99768314373603,-0.99768314373603,-0.99768314373603
-0.99768314373603,-0.99768314373603,-0.99768314373603,-0.99768314373603,-0.99768314373603,-0.997683143735807,-0.997683143733764,-0.997683132727665,-0.997626995107342,-0.702998255546294,-0.237896412512064,0.340451883982703,0.761290088468984,0.999560741752798,0.999602101693778,0.999602108674977,0.999602108676046,0.999602108676046,0.999602108676046,0.999602108676046,0.999602108676046,0.999602108676046,0.999602108676046,0.999602108676046,0.999602108676046,0.999602108676046,0.999602108676046,0.999602108676046,0.999602108676046,0.999602108676046,0.999602108676046,0.999602108676046,0.999602108676046,0.999602108675766,0.99960210867522,0.999602107132658,0.999602106224305,0.999602105271638,0.999602099934869,0.999580583821325,0.999563880519575,0.99950028669491,0.570714715845289,0.0337272592433561,-0.498609619650515,-0.83735265691845,-0.997668271652393,-0.997683142356366,-0.997683143735912,-0.99768314373603,-0.99768314373603,-0.99768314373603,-0.99768314373603,-0.99768314373603,-0.99768314373603,-0.99768314373603,-0.99768314373603,-0.99768314373603,-0.99768314373603,-0.99768314373603,-0.99768314373603,-0.99768314373603,-0.99768314373603,-0.99768314373603
-0.99768314373603,-0.99768314373603,-0.99768314373603,-0.99768314373603,-0.99768314373603,-0.99768314373603,-0.99768314373603,-0.997683143734064,-0.997683133435026,-0.997628199858718,-0.699875267292705,-0.212140110316131,0.386473979966454,0.79089103224849,0.999568017176596,0.999602104153643,0.999602108675492,0.999602108676046,0.999602108676046,0.999602108676046,0.999602108676046,0.999602108676046,0.999602108676046,0.999602108676046,0.999602108676046,0.999602108676046,0.999602108676046,0.999602108676046,0.999602108676046,0.999602108676046,0.999602108676046,0.999602108676046,0.999602108676046,0.999602108676046,0.999602108676046,0.999602108676046,0.999602108676046,0.999602108675724,0.999602108675062,0.999602106684068,0.999602105137059,0.999602092220318,0.999526094827597,0.607111150742735,0.0132791066855254,-0.608865079626622,-0.99762789277799,-0.997683136832934,-0.997683143735268,-0.99768314373603,-0.99768314373603,-0.99768314373603,-0.99768314373603,-0.99768314373603,-0.99768314373603,-0.99768314373603,-0.99768314373603,-0.99768314373603,-0.99768314373603,-0.99768314373603,-0.99768314373603,-0.99768314373603,-0.99768314373603,-0.99768314373603
-0.99768314373603,-0.99768314373603,-0.99768314373603,-0.99768314373603,-0.99768314373603,-0.99768314373603,-0.99768314373603,-0.99768314373603,-0.99768314373412,-0.997683133294621,-0.997625481138458,-0.673683528253187,-0.122132095828358,0.482728821603282,0.839905808091221,0.99958732600508,0.999602107307445,0.999602108675908,0.999602108676046,0.999602108676046,0.999602108676046,0.999602108676046,0.999602108676046,0.999602108676046,0.999602108676046,0.999602108676046,0.999602108676046,0.999602108676046,0.999602108676046,0.999602108676046,0.999602108676046,0.999602108676046,0.999602108676046,0.999602108676046,0.999602108676046,0.999602108676046,0.999602108676046,0.999602108676046,0.999602108676046,0.999602108676046,0.999602108675721,0.999602108673215,0.999602094347676,0.99952327390991,0.540237093328191,-0.232979489495545,-0.790712380391663,-0.997663948765312,-0.997683141955907,-0.99768314373603,-0.99768314373603,-0.99768314373603,-0.99768314373603,-0.99768314373603,-0.99768314373603,-0.99768314373603,-0.99768314373603,-0.99768314373603,-0.99768314373603,-0.99768314373603,-0.99768314373603,-0.99768314373603,-0.99768314373603,-0.99768314373603
-0.99768314373603,-0.99768314373603,-0.99768314373603,-0.99768314373603,-0.99768314373603,-0.99768314373603,-0.99768314373603,-0.99768314373603,-0.99768314373603,-0.997683143733986,-0.997683131874627,-0.997612887024788,-0.564100284901553,0.0528733663673728,0.631264853786749,0.999545127626972,0.999602099793816,0.999602108674726,0.999602108676046,0.999602108676046,0.999602108676046,0.999602108676046,0.999602108676046,0.999602108676046,0.999602108676046,0.999602108676046,0.999602108676046,0.999602108676046,0.999602108676046,0.999602108676046,0.999602108676046,0.999602108676046,0.999602108676046,0.999602108676046,0.999602108676046,0.999602108676046,0.999602108676046,0.999602108676046,0.999602108676046,0.999602108676046,0.999602108676046,0.999602108676046,0.999602108673035,0.999602090144818,0.999480679639242,0.147016156988098,-0.641590013953825,-0.997650117644411,-0.997683140673182,-0.99768314373603,-0.99768314373603,-0.99768314373603,-0.99768314373603,-0.99768314373603,-0.99768314373603,-0.99768314373603,-0.99768314373603,-0.99768314373603,-0.99768314373603,-0.99768314373603,-0.99768314373603,-0.99768314373603,-0.99768314373603,-0.99768314373603
-0.99768314373603,-0.99768314373603,-0.99768314373603,-0.99768314373603,-0.99768314373603,-0.99768314373603,-0.99768314373603,-0.99768314373603,-0.99768314373603,-0.997683143735884,-0.997683142095515,-0.997665463055353,-0.807079522263762,-0.390988638622393,0.253977913437746,0.752217236485254,0.999563100084574,0.999602103574834,0.999602108675428,0.999602108676046,0.999602108676046,0.999602108676046,0.999602108676046,0.999602108676046,0.999602108676046,0.999602108676046,0.999602108676046,0.999602108676046,0.999602108676046,0.999602108676046,0.999602108676046,0.999602108676046,0.999602108676046,0.999602108676046,0.999602108676046,0.999602108676046,0.999602108676046,0.999602108676046,0.999602108676046,0.999602108676046,0.999602108676046,0.999602108676046,0.999602108675517,0.999602102850138,0.999539170920365,0.319681141483384,-0.550060529028923,-0.997641627797136,-0.997683139885814,-0.99768314373603,-0.99768314373603,-0.99768314373603,-0.99768314373603,-0.99768314373603,-0.99768314373603,-0.99768314373603,-0.99768314373603,-0.99768314373603,-0.99768314373603,-0.99768314373603,-0.99768314373603,-0.99768314373603,-0.99768314373603,-0.99768314373603
-0.99768314373603,-0.99768314373603,-0.99768314373603,-0.99768314373603,-0.99768314373603,-0.99768314373603,-0.99768314373603,-0.99768314373603,-0.99768314373603,-0.99768314373603,-0.997683143735385,-0.997683138189307,-0.997641004750018,-0.733866472428258,-0.213611180010449,0.430153943189154,0.825447132519642,0.999585987771157,0.999602107183498,0.999602108675869,0.999602108676046,0.999602108676046,0.999602108676046,0.999602108676046,0.999602108676046,0.999602108676046,0.999602108676046,0.999602108676046,0.999602108676046,0.999602108676046,0.999602108676046,0.999602108676046,0.999602108676046,0.999602108676046,0.999602108676046,0.999602108676046,0.999602108676046,0.999602108676046,0.999602108676046,0.999602108676046,0.999602108676046,0.999602108676046,0.999602108676046,0.999602103504528,0.999546230339874,0.395895301600745,-0.499139312887928,-0.997636904409884,-0.997683139447765,-0.99768314373603,-0.99768314373603,-0.99768314373603,-0.99768314373603,-0.99768314373603,-0.99768314373603,-0.99768314373603,-0.99768314373603,-0.99768314373603,-0.99768314373603,-0.99768314373603,-0.99768314373603,-0.99768314373603,-0.99768314373603,-0.99768314373603
-0.99768314373603,-0.99768314373603,-0.99768314373603,-0.99768314373603,-0.99768314373603,-0.99768314373603,-0.99768314373603,-0.99768314373603,-0.99768314373603,-0.99768314373603,-0.99768314373603,-0.997683143734636,-0.997683134153405,-0.997621939046069,-0.601516331998469,0.0068136852092756,0.610401928151322,0.999542232818241,0.999602099353155,0.99960210867467,0.999602108676046,0.999602108676046,0.999602108676046,0.999602108676046,0.999602108676046,0.999602108676046,0.999602108676046,0.999602108676046,0.999602108676046,0.999602108676046,0.999602108676046,0.999602108676046,0.999602108676046,0.999602108676046,0.999602108676046,0.999602108676046,0.999602108676046,0.999602108676046,0.999602108676046,0.999602108676046,0.999602108676046,0.999602108676046,0.999602108676046,0.999602103800434,0.999549426930035,0.430425851337518,-0.471809896590708,-0.997634369309418,-0.997683139212613,-0.99768314373603,-0.99768314373603,-0.99768314373603,-0.99768314373603,-0.99768314373603,-0.99768314373603,-0.99768314373603,-0.99768314373603,-0.99768314373603,-0.99768314373603,-0.99768314373603,-0.99768314373603,-0.99768314373603,-0.99768314373603,-0.99768314373603
-0.99768314373603,-0.99768314373603,-0.99768314373603,-0.99768314373603,-0.99768314373603,-0.99768314373603,-0.99768314373603,-0.99768314373603,-0.99768314373603,-0.99768314373603,-0.99768314373603,-0.997683143735905,-0.997683142207764,-0.997666671630765,-0.820103710042605,-0.418581218751612,0.227777890123042,0.741803594615907,0.99956123286819,0.999602103318409,0.999602108675378,0.999602108676046,0.999602108676046,0.999602108676046,0.999602108676046,0.999602108676046,0.999602108676046,0.999602108676046,0.999602108676046,0.999602108676046,0.999602108676046,0.999602108676046,0.999602108676046,0.999602108676046,0.999602108676046,0.999602108676046,0.999602108676046,0.999602108676046,0.999602108676046,0.999602108676046,0.999602108676046,0.999602108676046,0.999602108676046,0.999602103952735,0.999551072583341,0.448202927159201,-0.455822754881566,-0.997632886305521,-0.997683139075067,-0.99768314373603,-0.99768314373603,-0.99768314373603,-0.99768314373603,-0.99768314373603,-0.99768314373603,-0.99768314373603,-0.99768314373603,-0.99768314373603,-0.99768314373603,-0.99768314373603,-0.99768314373603,-0.99768314373603,-0.99768314373603,-0.99768314373603
-0.99768314373603,-0.99768314373603,-0.99768314373603,-0.99768314373603,-0.99768314373603,-0.99768314373603,-0.99768314373603,-0.99768314373603,-0.99768314373603,-0.99768314373603,-0.99768314373603,-0.99768314373603,-0.997683143735432,-0.997683138509488,-0.997643249375678,-0.74504622350076,-0.237953982000148,0.407686395371559,0.815684500318074,0.999585083803618,0.999602107099849,0.999602108675867,0.999602108676046,0.999602108676046,0.999602108676046,0.999602108676046,0.999602108676046,0.999602108676046,0.999602108676046,0.999602108676046,0.999602108676046,0.999602108676046,0.999602108676046,0.999602108676046,0.999602108676046,0.999602108676046,0.999602108676046,0.999602108676046,0.999602108676046,0.999602108676046,0.999602108676046,0.999602108676046,0.999602108676046,0.999602104065166,0.999552287495017,0.461327087820249,-0.442578953610104,-0.997631657765034,-0.997683138961123,-0.99768314373603,-0.99768314373603,-0.99768314373603,-0.99768314373603,-0.99768314373603,-0.99768314373603,-0.99768314373603,-0.99768314373603,-0.99768314373603,-0.99768314373603,-0.99768314373603,-0.99768314373603,-0.99768314373603,-0.99768314373603,-0.99768314373603
-0.99768314373603,-0.99768314373603,-0.99768314373603,-0.99768314373603,-0.99768314373603,-0.99768314373603,-0.99768314373603,-0.99768314373603,-0.99768314373603,-0.99768314373603,-0.99768314373603,-0.99768314373603,-0.99768314373603,-0.997683143734722,-0.997683134603834,-0.997624552147588,-0.618510961040563,-0.0279261705104897,0.583868250762711,0.999536203343719,0.999602097940012,0.999602108674256,0.999602108676046,0.999602108676046,0.999602108676046,0.999602108676046,0.999602108676046,0.999602108676046,0.999602108676046,0.999602108676046,0.999602108676046,0.999602108676046,0.999602108676046,0.999602108676046,0.999602108676046,0.999602108676046,0.999602108676046,0.999602108676046,0.999602108676046,0.999602108676046,0.999602108676046,0.999602108676046,0.999602108676046,0.999602104206606,0.999553815464821,0.477833279767862,-0.423883864493316,-0.997629923524628,-0.997683138800271,-0.99768314373603,-0.99768314373603,-0.99768314373603,-0.99768314373603,-0.99768314373603,-0.99768314373603,-0.99768314373603,-0.99768314373603,-0.99768314373603,-0.99768314373603,-0.99768314373603,-0.99768314373603,-0.99768314373603,-0.99768314373603,-0.99768314373603
-0.99768314373603,-0.99768314373603,-0.99768314373603,-0.99768314373603,-0.99768314373603,-0.99768314373603,-0.99768314373603,-0.99768314373603,-0.99768314373603,-0.99768314373603,-0.99768314373603,-0.99768314373603,-0.99768314373603,-0.997683143735905,-0.997683142302024,-0.99766768793399,-0.83106094286468,-0.456922908122038,0.164286906328884,0.703191628655541,0.999551990545738,0.999602100213503,0.999602108674639,0.999602108676046,0.999602108676046,0.999602108676046,0.999602108676046,0.999602108676046,0.999602108676046,0.999602108676046,0.999602108676046,0.999602108676046,0.999602108676046,0.999602108676046,0.999602108676046,0.999602108676046,0.999602108676046,0.999602108676046,0.999602108676046,0.999602108676046,0.999602108676046,0.999602108676046,0.999602108676046,0.999602104451891,0.999556465955368,0.506466170773972,-0.386940525632341,-0.997626496451512,-0.997683138482414,-0.99768314373603,-0.99768314373603,-0.99768314373603,-0.99768314373603,-0.99768314373603,-0.99768314373603,-0.99768314373603,-0.99768314373603,-0.99768314373603,-0.99768314373603,-0.99768314373603,-0.99768314373603,-0.99768314373603,-0.99768314373603,-0.99768314373603
-0.99768314373603,-0.99768314373603,-0.99768314373603,-0.99768314373603,-0.99768314373603,-0.99768314373603,-0.99768314373603,-0.99768314373603,-0.99768314373603,-0.99768314373603,-0.99768314373603,-0.99768314373603,-0.99768314373603,-0.99768314373603,-0.997683143735481,-0.997683138939233,-0.997646867813639,-0.773107324673552,-0.332447969150703,0.294879516958683,0.754430029062886,0.999560771254539,0.99960210178845,0.999602108675039,0.999602108676046,0.999602108676046,0.999602108676046,0.999602108676046,0.999602108676046,0.999602108676046,0.999602108676046,0.999602108676046,0.999602108676046,0.999602108676046,0.999602108676046,0.999602108676046,0.999602108676046,0.999602108676046,0.999602108676046,0.999602108676046,0.999602108676046,0.999602108676046,0.999602108676046,0.999602104908398,0.999561397975001,0.559747408425876,-0.305056130848177,-0.997618895900452,-0.997683137776321,-0.997683143735507,-0.99768314373603,-0.99768314373603,-0.99768314373603,-0.99768314373603,-0.99768314373603,-0.99768314373603,-0.99768314373603,-0.99768314373603,-0.99768314373603,-0.99768314373603,-0.99768314373603,-0.99768314373603,-0.99768314373603,-0.99768314373603
-0.99768314373603,-0.99768314373603,-0.99768314373603,-0.99768314373603,-0.99768314373603,-0.99768314373603,-0.99768314373603,-0.99768314373603,-0.99768314373603,-0.99768314373603,-0.99768314373603,-0.99768314373603,-0.99768314373603,-0.99768314373603,-0.99768314373603,-0.997683143734905,-0.997683136064566,-0.997636685393908,-0.721263014929054,-0.214260041634995,0.399652825538448,0.798070209424896,0.999569011090106,0.999602104276093,0.999602108675539,0.999602108676046,0.999602108676046,0.999602108676046,0.999602108676046,0.999602108676046,0.999602108676046,0.999602108676046,0.999602108676046,0.999602108676046,0.999602108676046,0.999602108676046,0.999602108676046,0.999602108676046,0.999602108676046,0.999602108676046,0.999602108676046,0.999602108676046,0.999602108676046,0.999602105720713,0.999570174919539,0.654569555591961,-0.119759420911908,-0.99755476930477,-0.997683123380421,-0.997683143732487,-0.997683143735765,-0.99768314373603,-0.99768314373603,-0.99768314373603,-0.99768314373603,-0.99768314373603,-0.99768314373603,-0.99768314373603,-0.99768314373603,-0.99768314373603,-0.99768314373603,-0.99768314373603,-0.99768314373603,-0.99768314373603
-0.99768314373603,-0.99768314373603,-0.99768314373603,-0.99768314373603,-0.99768314373603,-0.99768314373603,-0.99768314373603,-0.99768314373603,-0.99768314373603,-0.99768314373603,-0.99768314373603,-0.99768314373603,-0.99768314373603,-0.99768314373603,-0.99768314373603,-0.99768314373603,-0.997683143734431,-0.997683133859897,-0.997623092812937,-0.626557909317479,-0.0746694072076144,0.504678761095246,0.843466891239862,0.999587655207619,0.999602107337765,0.999602108675924,0.999602108676046,0.999602108676046,0.999602108676046,0.999602108676046,0.999602108676046,0.999602108676046,0.999602108676046,0.999602108676046,0.999602108676046,0.999602108676046,0.999602108676046,0.999602108676046,0.999602108676046,0.999602108676046,0.999602108676046,0.999602108676046,0.999602108676046,0.999602107014151,0.999584150368396,0.805563364773391,0.286680420641988,-0.491509922334366,-0.997591996337284,-0.997683125553565,-0.997683140819067,-0.997683143734636,-0.997683143735573,-0.99768314373603,-0.99768314373603,-0.99768314373603,-0.99768314373603,-0.99768314373603,-0.99768314373603,-0.99768314373603,-0.99768314373603,-0.99768314373603,-0.99768314373603,-0.99768314373603
-0.99768314373603,-0.99768314373603,-0.99768314373603,-0.99768314373603,-0.99768314373603,-0.99768314373603,-0.99768314373603,-0.99768314373603,-0.99768314373603,-0.99768314373603,-0.99768314373603,-0.99768314373603,-0.99768314373603,-0.99768314373603,-0.99768314373603,-0.99768314373603,-0.997683143735912,-0.997683142392158,-0.997668660517263,-0.84155078147962,-0.502413430321609,0.0765915647836733,0.627563437454378,0.999541660012252,0.999602098678534,0.99960210867441,0.999602108676046,0.999602108676046,0.999602108676046,0.999602108676046,0.999602108676046,0.999602108676046,0.999602108676046,0.999602108676046,0.999602108676046,0.999602108676046,0.999602108676046,0.999602108676046,0.999602108676046,0.999602108676046,0.999602108676046,0.999602108676046,0.999602108676046,0.999602108675317,0.999602102701178,0.999555495386759,0.689928695914284,0.113380269050248,-0.521020959789821,-0.997578202751536,-0.997651703813434,-0.997683131415225,-0.997683138599011,-0.997683139435856,-0.997683139960022,-0.997683140292602,-0.997683140508394,-0.997683140651598,-0.997683140748028,-0.997683140813399,-0.997683140857336,-0.997683140886106,-0.997683140903362,-0.997683140911489
-0.99768314373603,-0.99768314373603,-0.99768314373603,-0.99768314373603,-0.99768314373603,-0.99768314373603,-0.99768314373603,-0.99768314373603,-0.99768314373603,-0.99768314373603,-0.99768314373603,-0.99768314373603,-0.99768314373603,-0.99768314373603,-0.99768314373603,-0.99768314373603,-0.99768314373603,-0.997683143735507,-0.997683139318867,-0.997649989561573,-0.796280291928161,-0.399408797493008,0.211198113165306,0.718451359148418,0.999554514795819,0.999602100814752,0.999602108674834,0.999602108676046,0.999602108676046,0.999602108676046,0.999602108676046,0.999602108676046,0.999602108676046,0.999602108676046,0.999602108676046,0.999602108676046,0.999602108676046,0.999602108676046,0.999602108676046,0.999602108676046,0.999602108676046,0.999602108676046,0.999602108676046,0.999602108676046,0.999602108674625,0.999602098841397,0.999542438498133,0.664482967563167,0.175337686282694,-0.3428330922489,-0.658737876240865,-0.997581713041355,-0.997627759013381,-0.997636776080876,-0.997642427483427,-0.997646013197342,-0.997648339627784,-0.997649882930489,-0.997650922645839,-0.99765162713057,-0.997652100954974,-0.997652410258902,-0.997652596488021,-0.997652683968116
-0.99768314373603,-0.99768314373603,-0.99768314373603,-0.99768314373603,-0.99768314373603,-0.99768314373603,-0.99768314373603,-0.99768314373603,-0.99768314373603,-0.99768314373603,-0.99768314373603,-0.99768314373603,-0.99768314373603,-0.99768314373603,-0.99768314373603,-0.99768314373603,-0.99768314373603,-0.99768314373603,-0.997683143734994,-0.997683136842056,-0.997641948797017,-0.754845339381976,-0.303103468080788,0.316870044761884,0.766445142761003,0.999564744483312,0.999602103757376,0.999602108675437,0.999602108676046,0.999602108676046,0.999602108676046,0.999602108676046,0.999602108676046,0.999602108676046,0.999602108676046,0.999602108676046,0.999602108676046,0.999602108676046,0.999602108676046,0.999602108676046,0.999602108676046,0.999602108676046,0.999602108676046,0.999602108676046,0.999602108676046,0.999602108674157,0.999602097986612,0.999546257402762,0.731191763777764,0.411018120427737,0.0733731842577237,-0.24298105285851,-0.400580009754173,-0.497754246772884,-0.558677350143942,-0.597330910181366,-0.622408304999681,-0.63904293149148,-0.650248618746126,-0.6578405536935,-0.662946227711856,-0.666278787129752,-0.668285125172711,-0.669227538416953
-0.99768314373603,-0.99768314373603,-0.99768314373603,-0.99768314373603,-0.99768314373603,-0.99768314373603,-0.99768314373603,-0.99768314373603,-0.99768314373603,-0.99768314373603,-0.99768314373603,-0.99768314373603,-0.99768314373603,-0.99768314373603,-0.99768314373603,-0.99768314373603,-0.99768314373603,-0.99768314373603,-0.99768314373603,-0.997683143734636,-0.997683135366426,-0.99763407540269,-0.711382045415804,-0.198699401750173,0.434542098329225,0.828987826304251,0.999586316056942,0.999602107214235,0.99960210867588,0.999602108676046,0.999602108676046,0.999602108676046,0.999602108676046,0.999602108676046,0.999602108676046,0.999602108676046,0.999602108676046,0.999602108676046,0.999602108676046,0.999602108676046,0.999602108676046,0.999602108676046,0.999602108676046,0.999602108676046,0.999602108676046,0.999602108676046,0.999602108674214,0.999602099856329,0.99956264458518,0.84155116644613,0.711405960922197,0.580720844204499,0.470949449379484,0.338488061559067,0.240218868591948,0.17132333510408,0.123276439707943,0.0897252831289435,0.0663137794395287,0.0500732085952236,0.0389791456713898,0.0316639250375645,0.0272319845151947,0.0251430459809855
-0.997683140040123,-0.997683140492439,-0.997683141402534,-0.997683142425297,-0.997683143735481,-0.99768314373603,-0.99768314373603,-0.99768314373603,-0.99768314373603,-0.99768314373603,-0.99768314373603,-0.99768314373603,-0.99768314373603,-0.99768314373603,-0.99768314373603,-0.99768314373603,-0.99768314373603,-0.99768314373603,-0.99768314373603,-0.99768314373603,-0.997683143734342,-0.997683133688243,-0.997623850235331,-0.644591565227586,-0.0102371006920289,0.623900552891573,0.999549056457747,0.999602102074855,0.999602108675263,0.999602108676046,0.999602108676046,0.999602108676046,0.999602108676046,0.999602108676046,0.999602108676046,0.999602108676046,0.999602108676046,0.999602108676046,0.999602108676046,0.999602108676046,0.999602108676046,0.999602108676046,0.999602108676046,0.999602108676046,0.999602108676046,0.999602108676046,0.999602108676046,0.999602108674754,0.999602103670873,0.999587481033708,0.999575435040503,0.999563337579354,0.999538555006057,0.841549071714659,0.783956543450506,0.753288870950337,0.733430077977009,0.719657464179821,0.709948463822966,0.703131427182425,0.69842764631758,0.695303101136161,0.69340075096638,0.692501591720154
-0.997643291685019,-0.997648168792634,-0.997657982635486,-0.997669010170079,-0.997683138835819,-0.997683143734773,-0.99768314373603,-0.99768314373603,-0.99768314373603,-0.99768314373603,-0.99768314373603,-0.99768314373603,-0.99768314373603,-0.99768314373603,-0.99768314373603,-0.99768314373603,-0.99768314373603,-0.99768314373603,-0.99768314373603,-0.99768314373603,-0.99768314373603,-0.997683143733903,-0.997683130445266,-0.997599103748618,-0.444593572150386,0.297205268772716,0.802033252060667,0.999583822131809,0.99960210698349,0.999602108675858,0.999602108676046,0.999602108676046,0.999602108676046,0.999602108676046,0.999602108676046,0.999602108676046,0.999602108676046,0.999602108676046,0.999602108676046,0.999602108676046,0.999602108676046,0.999602108676046,0.999602108676046,0.999602108676046,0.999602108676046,0.999602108676046,0.999602108676046,0.999602108676046,0.999602108675437,0.999602107322368,0.999602106207507,0.999602105087613,0.999602101441398,0.999587481171199,0.999582149766661,0.999579310791653,0.999577472295039,0.999576197125591,0.999575298095387,0.999574666778873,0.999574231115775,0.999573941688824,0.999573765457799,0.999573682155894
-0.567998062672329,-0.620579242084088,-0.726390997244028,-0.845286802807923,-0.997644430326913,-0.997683134996153,-0.997683143734242,-0.99768314373603,-0.99768314373603,-0.99768314373603,-0.99768314373603,-0.99768314373603,-0.99768314373603,-0.99768314373603,-0.99768314373603,-0.99768314373603,-0.99768314373603,-0.99768314373603,-0.99768314373603,-0.99768314373603,-0.99768314373603,-0.997683143735807,-0.997683141283068,-0.997656702842617,-0.712624920747267,-0.0628350409201252,0.626620484148095,0.999553156624002,0.999602102810502,0.999602108675353,0.999602108676046,0.999602108676046,0.999602108676046,0.999602108676046,0.999602108676046,0.999602108676046,0.999602108676046,0.999602108676046,0.999602108676046,0.999602108676046,0.999602108676046,0.999602108676046,0.999602108676046,0.999602108676046,0.999602108676046,0.999602108676046,0.999602108676046,0.999602108676046,0.999602108676046,0.999602108676046,0.999602108676046,0.999602108675706,0.999602108675236,0.999602107322408,0.999602106828907,0.99960210656612,0.999602106395912,0.999602106277873,0.999602106194608,0.999602106136115,0.999602106095778,0.999602106068972,0.999602106052651,0.999602106044952
0.29681259168244,0.188876090736676,-0.10191024334888,-0.421789418540716,-0.732597920312205,-0.997627600794241,-0.997683133085322,-0.997683143734168,-0.99768314373603,-0.99768314373603,-0.99768314373603,-0.99768314373603,-0.99768314373603,-0.99768314373603,-0.99768314373603,-0.99768314373603,-0.99768314373603,-0.99768314373603,-0.99768314373603,-0.99768314373603,-0.99768314373603,-0.99768314373603,-0.997683143734905,-0.997683133694049,-0.997601289293549,-0.400134915675721,0.388103979263982,0.843618618922727,0.999587672677773,0.999602107340143,0.999602108676046,0.999602108676046,0.999602108676046,0.999602108676046,0.999602108676046,0.999602108676046,0.999602108676046,0.999602108676046,0.999602108676046,0.999602108676046,0.999602108676046,0.999602108676046,0.999602108676046,0.999602108676046,0.999602108676046,0.999602108676046,0.999602108676046,0.999602108676046,0.999602108676046,0.999602108676046,0.999602108676046,0.999602108676046,0.999602108676046,0.999602108676046,0.999602108676046,0.999602108676046,0.999602108676046,0.999602108676046,0.999602108676046,0.999602108676046,0.999602108676046,0.999602108676046,0.999602108676046,0.999602108676046
0.999537054856557,0.999494920151536,0.652215719999825,0.337898319743818,-0.176942167413872,-0.663816254567367,-0.99762382268004,-0.997683133998627,-0.997683143734599,-0.99768314373603,-0.99768314373603,-0.99768314373603,-0.99768314373603,-0.99768314373603,-0.99768314373603,-0.99768314373603,-0.99768314373603,-0.99768314373603,-0.99768314373603,-0.99768314373603,-0.99768314373603,-0.99768314373603,-0.997683143735685,-0.99768314025899,-0.997645657563271,-0.593539977816543,0.153429737595561,0.744933965130658,0.99957853846344,0.999602106494732,0.999602108676046,0.999602108676046,0.999602108676046,0.999602108676046,0.999602108676046,0.999602108676046,0.999602108676046,0.999602108676046,0.999602108676046,0.999602108676046,0.999602108676046,0.999602108676046,0.999602108676046,0.999602108676046,0.999602108676046,0.999602108676046,0.999602108676046,0.999602108676046,0.999602108676046,0.999602108676046,0.999602108676046,0.999602108676046,0.999602108676046,0.999602108676046,0.999602108676046,0.999602108676046,0.999602108676046,0.999602108676046,0.999602108676046,0.999602108676046,0.999602108676046,0.999602108676046,0.999602108676046,0.999602108676046
0.999602102654778,0.999602095781726,0.999569952775817,0.999496627577413,0.521606192826377,-0.114423285438118,-0.691860447184321,-0.997637450503653,-0.997683137891697,-0.997683143735344,-0.99768314373603,-0.99768314373603,-0.99768314373603,-0.99768314373603,-0.99768314373603,-0.99768314373603,-0.99768314373603,-0.99768314373603,-0.99768314373603,-0.99768314373603,-0.99768314373603,-0.99768314373603,-0.99768314373603,-0.99768314158563,-0.997659955894929,-0.747658374333261,-0.0752268600676501,0.652514840087937,0.999569984329423,0.99960210570305,0.999602108676046,0.999602108676046,0.999602108676046,0.999602108676046,0.999602108676046,0.999602108676046,0.999602108676046,0.999602108676046,0.999602108676046,0.999602108676046,0.999602108676046,0.999602108676046,0.999602108676046,0.999602108676046,0.999602108676046,0.999602108676046,0.999602108676046,0.999602108676046,0.999602108676046,0.999602108676046,0.999602108676046,0.999602108676046,0.999602108676046,0.999602108676046,0.999602108676046,0.999602108676046,0.999602108676046,0.999602108676046,0.999602108676046,0.999602108676046,0.999602108676046,0.999602108676046,0.999602108676046,0.999602108676046
0.999602108675492,0.999602108674612,0.999602105698996,0.999602090449346,0.999510613810315,0.488964453855801,-0.299874296925541,-0.810760395426538,-0.997665808101741,-0.997683142128338,-0.99768314373603,-0.99768314373603,-0.99768314373603,-0.99768314373603,-0.99768314373603,-0.99768314373603,-0.99768314373603,-0.99768314373603,-0.99768314373603,-0.99768314373603,-0.99768314373603,-0.99768314373603,-0.99768314373603,-0.997683143734867,-0.99768313330311,-0.9975938216791,-0.284610577613793,0.567046868285763,0.999562073584252,0.999602104970897,0.999602108676046,0.999602108676046,0.999602108676046,0.999602108676046,0.999602108676046,0.999602108676046,0.999602108676046,0.999602108676046,0.999602108676046,0.999602108676046,0.999602108676046,0.999602108676046,0.999602108676046,0.999602108676046,0.999602108676046,0.999602108676046,0.999602108676046,0.999602108676046,0.999602108676046,0.999602108676046,0.999602108676046,0.999602108676046,0.999602108676046,0.999602108676046,0.999602108676046,0.999602108676046,0.999602108676046,0.999602108676046,0.999602108676046,0.999602108676046,0.999602108676046,0.999602108676046,0.999602108676046,0.999602108676046
0.999602108676046,0.999602108676046,0.999602108675771,0.999602108672453,0.99960208801198,0.999470291174504,0.0860778563860428,-0.673507896132842,-0.99765307819589,-0.997683140947751,-0.99768314373603,-0.99768314373603,-0.99768314373603,-0.99768314373603,-0.99768314373603,-0.99768314373603,-0.99768314373603,-0.99768314373603,-0.99768314373603,-0.99768314373603,-0.99768314373603,-0.99768314373603,-0.99768314373603,-0.997683143735565,-0.997683138353748,-0.997625113008299,-0.372050589574185,0.516927736389348,0.999557434352898,0.999602104541562,0.999602108676046,0.999602108676046,0.999602108676046,0.999602108676046,0.999602108676046,0.999602108676046,0.999602108676046,0.999602108676046,0.999602108676046,0.999602108676046,0.999602108676046,0.999602108676046,0.999602108676046,0.999602108676046,0.999602108676046,0.999602108676046,0.999602108676046,0.999602108676046,0.999602108676046,0.999602108676046,0.999602108676046,0.999602108676046,0.999602108676046,0.999602108676046,0.999602108676046,0.999602108676046,0.999602108676046,0.999602108676046,0.999602108676046,0.999602108676046,0.999602108676046,0.999602108676046,0.999602108676046,0.999602108676046
0.999602108676046,0.999602108676046,0.999602108676046,0.999602108675428,0.999602102107354,0.999531147003491,0.233011805002769,-0.60640058620248,-0.99764685380313,-0.997683140370483,-0.99768314373603,-0.99768314373603,-0.99768314373603,-0.99768314373603,-0.99768314373603,-0.99768314373603,-0.99768314373603,-0.99768314373603,-0.99768314373603,-0.99768314373603,-0.99768314373603,-0.99768314373603,-0.99768314373603,-0.99768314373603,-0.997683138625997,-0.997628044376229,-0.403626774773284,0.495253078565491,0.999555428002243,0.999602104355841,0.999602108676046,0.999602108676046,0.999602108676046,0.999602108676046,0.999602108676046,0.999602108676046,0.999602108676046,0.999602108676046,0.999602108676046,0.999602108676046,0.999602108676046,0.999602108676046,0.999602108676046,0.999602108676046,0.999602108676046,0.999602108676046,0.999602108676046,0.999602108676046,0.999602108676046,0.999602108676046,0.999602108676046,0.999602108676046,0.999602108676046,0.999602108676046,0.999602108676046,0.999602108676046,0.999602108676046,0.999602108676046,0.999602108676046,0.999602108676046,0.999602108676046,0.999602108676046,0.999602108676046,0.999602108676046
