-1.01839510380399,-1.01839510380399,-1.01839510380399,-1.01839510380399,-1.01839510380399,-1.01839510380399,-1.01839510380399,-1.01839510380399,-1.01839510380399,-1.01839510380399,-1.01839510380399,-1.01839510380399,-1.01839510380399,-1.01839510380399,-1.01839510380399,-1.01839510333946,-1.01838991528134,-0.960441564266474,-0.788006032913692,-0.273958841605655,0.542690248218547,1.00309033028311,1.00313223156978,1.00313223538263,1.00313223538298,1.00313223538298,1.00313223538298,1.00313223538298,1.00313223538298,1.00313223538298,1.00313223538298,1.00313223538298,1.00313223538298,1.00313223538298,1.00313223538298,1.00313223538298,1.00313223538298,1.00313223538298,1.00313223538298,1.00313223538298,1.00313223538298,1.00313223538298,1.00313223538298,1.00313223538298,1.00313223538298,1.00313223538298,1.00313223538298,1.00313223538298,1.00313223538298,1.00313223538298,1.00313223538298,1.00313223538298,1.00313223538298,1.00313223538298,1.00313223538298,1.00313223538298,1.00313223538298,1.00313223538298,1.00313223538298,1.00313223538298,1.00313223538298,1.00313223538298,1.00313223538298,1.00313223538298
-1.01839510380399,-1.01839510380399,-1.01839510380399,-1.01839510380399,-1.01839510380399,-1.01839510380399,-1.01839510380399,-1.01839510380399,-1.01839510380399,-1.01839510380399,-1.01839510380399,-1.01839510380399,-1.01839510380399,-1.01839510380399,-1.01839510380394,-1.01839510338108,-1.01839038012467,-0.965633314581504,-0.804438319983329,-0.316106391538127,0.508863156048033,1.00308724957531,1.00313223128885,1.00313223538261,1.00313223538298,1.00313223538298,1.00313223538298,1.00313223538298,1.00313223538298,1.00313223538298,1.00313223538298,1.00313223538298,1.00313223538298,1.00313223538298,1.00313223538298,1.00313223538298,1.00313223538298,1.00313223538298,1.00313223538298,1.00313223538298,1.00313223538298,1.00313223538298,1.00313223538298,1.00313223538298,1.00313223538298,1.00313223538298,1.00313223538298,1.00313223538298,1.00313223538298,1.00313223538298,1.00313223538298,1.00313223538298,1.00313223538298,1.00313223538298,1.00313223538298,1.00313223538298,1.00313223538298,1.00313223538298,1.00313223538298,1.00313223538298,1.00313223538298,1.00313223538298,1.00313223538298,1.00313223538298
-1.01839510380399,-1.01839510380399,-1.01839510380399,-1.01839510380399,-1.01839510380399,-1.01839510380399,-1.01839510380399,-1.01839510380399,-1.01839510380399,-1.01839510380399,-1.01839510380399,-1.01839510380399,-1.01839510380399,-1.01839510380399,-1.01839510380394,-1.01839510348785,-1.01839157308344,-0.978956359140001,-0.83689551645246,-0.402025189133281,0.421657065044018,1.00306062474865,1.00313222716626,1.00313223538208,1.00313223538298,1.00313223538298,1.00313223538298,1.00313223538298,1.00313223538298,1.00313223538298,1.00313223538298,1.00313223538298,1.00313223538298,1.00313223538298,1.00313223538298,1.00313223538298,1.00313223538298,1.00313223538298,1.00313223538298,1.00313223538298,1.00313223538298,1.00313223538298,1.00313223538298,1.00313223538298,1.00313223538298,1.00313223538298,1.00313223538298,1.00313223538298,1.00313223538298,1.00313223538298,1.00313223538298,1.00313223538298,1.00313223538298,1.00313223538298,1.00313223538298,1.00313223538298,1.00313223538298,1.00313223538298,1.00313223538298,1.00313223538298,1.00313223538298,1.00313223538298,1.00313223538298,1.00313223538298
-1.01839510380399,-1.01839510380399,-1.01839510380399,-1.01839510380399,-1.01839510380399,-1.01839510380399,-1.01839510380399,-1.01839510380399,-1.01839510380399,-1.01839510380399,-1.01839510380399,-1.01839510380399,-1.01839510380399,-1.01839510380399,-1.01839510380399,-1.01839510380379,-1.01839510208419,-1.018379422899,-0.882666921560118,-0.528564906103052,0.223660253246071,0.797706322725571,1.00311354091959,1.00313223368194,1.00313223538281,1.00313223538298,1.00313223538298,1.00313223538298,1.00313223538298,1.00313223538298,1.00313223538298,1.00313223538298,1.00313223538298,1.00313223538298,1.00313223538298,1.00313223538298,1.00313223538298,1.00313223538298,1.00313223538298,1.00313223538298,1.00313223538298,1.00313223538298,1.00313223538298,1.00313223538298,1.00313223538298,1.00313223538298,1.00313223538298,1.00313223538298,1.00313223538298,1.00313223538298,1.00313223538298,1.00313223538298,1.00313223538298,1.00313223538298,1.00313223538298,1.00313223538298,1.00313223538298,1.00313223538298,1.00313223538298,1.00313223538298,1.00313223538298,1.00313223538298,1.00313223538298,1.00313223538298
-1.01839510380399,-1.01839510380399,-1.01839510380399,-1.01839510380399,-1.01839510380399,-1.01839510380399,-1.01839510380399,-1.01839510380399,-1.01839510380399,-1.01839510380399,-1.01839510380399,-1.01839510380399,-1.01839510380399,-1.01839510380399,-1.01839510380399,-1.01839510380392,-1.01839510302241,-1.0183863749451,-0.920902993574262,-0.656661515042989,-0.0126919828964858,0.663392148890202,1.00310131378989,1.00313223256859,1.00313223538272,1.00313223538298,1.00313223538298,1.00313223538298,1.00313223538298,1.00313223538298,1.00313223538298,1.00313223538298,1.00313223538298,1.00313223538298,1.00313223538298,1.00313223538298,1.00313223538298,1.00313223538298,1.00313223538298,1.00313223538298,1.00313223538298,1.00313223538298,1.00313223538298,1.00313223538298,1.00313223538298,1.00313223538298,1.00313223538298,1.00313223538298,1.00313223538298,1.00313223538298,1.00313223538298,1.00313223538298,1.00313223538298,1.00313223538298,1.00313223538298,1.00313223538298,1.00313223538298,1.00313223538298,1.00313223538298,1.00313223538298,1.00313223538298,1.00313223538298,1.00313223538298,1.00313223538298
-1.01839510380399,-1.01839510380399,-1.01839510380399,-1.01839510380399,-1.01839510380399,-1.01839510380399,-1.01839510380399,-1.01839510380399,-1.01839510380399,-1.01839510380399,-1.01839510380399,-1.01839510380399,-1.01839510380399,-1.01839510380399,-1.01839510380399,-1.01839510380394,-1.01839510328102,-1.0183892628015,-0.953154600128836,-0.770224057342418,-0.268192711430969,0.486411908107853,1.00306221191014,1.0031322269185,1.00313223538202,1.00313223538298,1.00313223538298,1.00313223538298,1.00313223538298,1.00313223538298,1.00313223538298,1.00313223538298,1.00313223538298,1.00313223538298,1.00313223538298,1.00313223538298,1.00313223538298,1.00313223538298,1.00313223538298,1.00313223538298,1.00313223538298,1.00313223538298,1.00313223538298,1.00313223538298,1.00313223538298,1.00313223538298,1.00313223538298,1.00313223538298,1.00313223538298,1.00313223538298,1.00313223538298,1.00313223538298,1.00313223538298,1.00313223538298,1.00313223538298,1.00313223538298,1.00313223538298,1.00313223538298,1.00313223538298,1.00313223538298,1.00313223538298,1.00313223538298,1.00313223538298,1.00313223538298
-1.01839510380399,-1.01839510380399,-1.01839510380399,-1.01839510380399,-1.01839510380399,-1.01839510380399,-1.01839510380399,-1.01839510380399,-1.01839510380399,-1.01839510380399,-1.01839510380399,-1.01839510380399,-1.01839510380399,-1.01839510380399,-1.01839510380399,-1.01839510380394,-1.01839510350784,-1.0183917962674,-0.981450763067759,-0.863913418404354,-0.520479460095902,0.169175896057413,0.750376972235238,1.00310922978339,1.00313223328898,1.00313223538281,1.00313223538298,1.00313223538298,1.00313223538298,1.00313223538298,1.00313223538298,1.00313223538298,1.00313223538298,1.00313223538298,1.00313223538298,1.00313223538298,1.00313223538298,1.00313223538298,1.00313223538298,1.00313223538298,1.00313223538298,1.00313223538298,1.00313223538298,1.00313223538298,1.00313223538298,1.00313223538298,1.00313223538298,1.00313223538298,1.00313223538298,1.00313223538298,1.00313223538298,1.00313223538298,1.00313223538298,1.00313223538298,1.00313223538298,1.00313223538298,1.00313223538298,1.00313223538298,1.00313223538298,1.00313223538298,1.00313223538298,1.00313223538298,1.00313223538298,1.00313223538298
-1.01839510380399,-1.01839510380399,-1.01839510380399,-1.01839510380399,-1.01839510380399,-1.01839510380399,-1.01839510380399,-1.01839510380399,-1.01839510380399,-1.01839510380399,-1.01839510380399,-1.01839510380399,-1.01839510380399,-1.01839510380399,-1.01839510380399,-1.01839510380399,-1.01839510380384,-1.01839510253817,-1.01838427080456,-0.934323601448343,-0.724137219955161,-0.207153347836344,0.490697787611462,1.00305210437383,1.00313222189467,1.00313223538047,1.00313223538272,1.00313223538284,1.00313223538298,1.00313223538298,1.00313223538298,1.00313223538298,1.00313223538298,1.00313223538298,1.00313223538298,1.00313223538298,1.00313223538298,1.00313223538298,1.00313223538298,1.00313223538298,1.00313223538298,1.00313223538298,1.00313223538298,1.00313223538298,1.00313223538298,1.00313223538298,1.00313223538298,1.00313223538298,1.00313223538298,1.00313223538298,1.00313223538298,1.00313223538298,1.00313223538298,1.00313223538298,1.00313223538298,1.00313223538298,1.00313223538298,1.00313223538298,1.00313223538298,1.00313223538298,1.00313223538298,1.00313223538298,1.00313223538298,1.00313223538298
-1.01839510380399,-1.01839510380399,-1.01839510380399,-1.01839510380399,-1.01839510380399,-1.01839510380399,-1.01839510380399,-1.01839510380399,-1.01839510380399,-1.01839510380399,-1.01839510380399,-1.01839510380399,-1.01839510380399,-1.01839510380399,-1.01839510380399,-1.01839510380399,-1.01839510380394,-1.01839510348544,-1.01839154703482,-0.978671467128483,-0.86653931213219,-0.560961183665419,0.0370606685085306,0.635024351315607,1.00306412175303,1.00313222119666,1.00313223247774,1.00313223377551,1.00313223538219,1.00313223538272,1.00313223538281,1.00313223538284,1.00313223538288,1.00313223538291,1.00313223538291,1.00313223538294,1.00313223538294,1.00313223538298,1.00313223538298,1.00313223538298,1.00313223538298,1.00313223538298,1.00313223538298,1.00313223538298,1.00313223538298,1.00313223538298,1.00313223538298,1.00313223538298,1.00313223538298,1.00313223538298,1.00313223538298,1.00313223538298,1.00313223538298,1.00313223538298,1.00313223538298,1.00313223538298,1.00313223538298,1.00313223538298,1.00313223538298,1.00313223538298,1.00313223538298,1.00313223538298,1.00313223538298,1.00313223538298
-1.01839510380399,-1.01839510380399,-1.01839510380399,-1.01839510380399,-1.01839510380399,-1.01839510380399,-1.01839510380399,-1.01839510380399,-1.01839510380399,-1.01839510380399,-1.01839510380399,-1.01839510380399,-1.01839510380399,-1.01839510380399,-1.01839510380399,-1.01839510380399,-1.01839510380399,-1.01839510380386,-1.0183951026702,-1.01838599467577,-0.956357033102518,-0.80586277424824,-0.454306597906155,0.110432478574648,0.622718930378831,1.00304443306731,1.00310032056562,1.00311457007762,1.0031322282478,1.00313223255854,1.00313223327438,1.00313223378637,1.00313223417206,1.00313223447256,1.00313223470858,1.00313223489127,1.00313223503051,1.00313223513767,1.00313223523203,1.00313223538291,1.00313223538298,1.00313223538298,1.00313223538298,1.00313223538298,1.00313223538298,1.00313223538298,1.00313223538298,1.00313223538298,1.00313223538298,1.00313223538298,1.00313223538298,1.00313223538298,1.00313223538298,1.00313223538298,1.00313223538298,1.00313223538298,1.00313223538298,1.00313223538298,1.00313223538298,1.00313223538298,1.00313223538298,1.00313223538298,1.00313223538298,1.00313223538298
-1.01839510380399,-1.01839510380399,-1.01839510380399,-1.01839510380399,-1.01839510380399,-1.01839510380399,-1.01839510380399,-1.01839510380399,-1.01839510380399,-1.01839510380399,-1.01839510380399,-1.01839510380399,-1.01839510380399,-1.01839510380399,-1.01839510380399,-1.01839510380399,-1.01839510380399,-1.01839510380399,-1.01839510380373,-1.01839510187929,-1.01838271147956,-0.941994357315746,-0.785361663449008,-0.472988902189487,-0.0144178611409434,0.418724574255482,0.652494012706236,0.809017715695084,1.0030714821966,1.00310120244217,1.00310906000131,1.00311469017368,1.00311892919768,1.00312222733407,1.00312481965881,1.00312682859505,1.00312835980024,1.00312953843075,1.00313057590414,1.00313223465425,1.00313223510349,1.00313223521905,1.00313223538291,1.00313223538298,1.00313223538298,1.00313223538298,1.00313223538298,1.00313223538298,1.00313223538298,1.00313223538298,1.00313223538298,1.00313223538298,1.00313223538298,1.00313223538298,1.00313223538298,1.00313223538298,1.00313223538298,1.00313223538298,1.00313223538298,1.00313223538298,1.00313223538298,1.00313223538298,1.00313223538298,1.00313223538298
-1.01839510380399,-1.01839510380399,-1.01839510380399,-1.01839510380399,-1.01839510380399,-1.01839510380399,-1.01839510380399,-1.01839510380399,-1.01839510380399,-1.01839510380399,-1.01839510380399,-1.01839510380399,-1.01839510380399,-1.01839510380399,-1.01839510380399,-1.01839510380399,-1.01839510380399,-1.01839510380399,-1.01839510380399,-1.01839510380363,-1.01839510149306,-1.0183816798702,-0.944832842829542,-0.821813327725549,-0.611396718792797,-0.317885428137869,-0.00314616691107745,0.290414181490859,0.529634316588119,0.6621639092461,0.748479762343767,0.810342298370949,0.856920316002994,0.893160527257354,0.921645561463736,0.943720349852322,0.960545738404357,0.973496859697884,0.984896367144528,1.00312588057717,1.00312916300166,1.00313043327015,1.00313223462269,1.00313223511353,1.00313223523197,1.00313223538291,1.00313223538298,1.00313223538298,1.00313223538298,1.00313223538298,1.00313223538298,1.00313223538298,1.00313223538298,1.00313223538298,1.00313223538298,1.00313223538298,1.00313223538298,1.00313223538298,1.00313223538298,1.00313223538298,1.00313223538298,1.00313223538298,1.00313223538298,1.00313223538298
-1.01839510380399,-1.01839510380399,-1.01839510380399,-1.01839510380399,-1.01839510380399,-1.01839510380399,-1.01839510380399,-1.01839510380399,-1.01839510380399,-1.01839510380399,-1.01839510380399,-1.01839510380399,-1.01839510380399,-1.01839510380399,-1.01839510380399,-1.01839510380399,-1.01839510380399,-1.01839510380399,-1.01839510380399,-1.01839510380399,-1.01839510380358,-1.01839510157072,-1.01838357870632,-0.963206428394574,-0.889714907602713,-0.781558480629378,-0.63439314229356,-0.444748952141644,-0.225322588815591,-0.0119890771187015,0.181534013192392,0.347158068106099,0.486096842196477,0.603195602474125,0.700875131185436,0.779550277629152,0.84088571793819,0.887949406628106,0.923852366588294,0.951529034838347,0.969373372728191,0.983329139376733,1.00312567648767,1.00312927325788,1.00313057512152,1.00313223471243,1.00313223518413,1.0031322353829,1.00313223538298,1.00313223538298,1.00313223538298,1.00313223538298,1.00313223538298,1.00313223538298,1.00313223538298,1.00313223538298,1.00313223538298,1.00313223538298,1.00313223538298,1.00313223538298,1.00313223538298,1.00313223538298,1.00313223538298,1.00313223538298
-1.01839510380399,-1.01839510380399,-1.01839510380399,-1.01839510380399,-1.01839510380399,-1.01839510380399,-1.01839510380399,-1.01839510380399,-1.01839510380399,-1.01839510380399,-1.01839510380399,-1.01839510380399,-1.01839510380399,-1.01839510380399,-1.01839510380399,-1.01839510380399,-1.01839510380399,-1.01839510380399,-1.01839510380399,-1.01839510380399,-1.01839510380399,-1.01839510380363,-1.01839510207044,-1.01838726259659,-0.985986318995066,-0.953889333799791,-0.909203953158365,-0.840299705910848,-0.754666377996029,-0.6540827006789,-0.536477464298869,-0.400311036620236,-0.241007264538725,-0.0585415664661166,0.134891102057178,0.31934904906134,0.481833031091947,0.618587058575139,0.728777676301242,0.813037007419656,0.874456148027895,0.9187078133909,0.950853194447944,0.970585218427856,0.984888053789674,1.00312652099297,1.00313004949263,1.00313223452025,1.00313223511575,1.00313223524387,1.00313223538291,1.00313223538298,1.00313223538298,1.00313223538298,1.00313223538298,1.00313223538298,1.00313223538298,1.00313223538298,1.00313223538298,1.00313223538298,1.00313223538298,1.00313223538298,1.00313223538298,1.00313223538298
-1.01839510380399,-1.01839510380399,-1.01839510380399,-1.01839510380399,-1.01839510380399,-1.01839510380399,-1.01839510380399,-1.01839510380399,-1.01839510380399,-1.01839510380399,-1.01839510380399,-1.01839510380399,-1.01839510380399,-1.01839510380399,-1.01839510380399,-1.01839510380399,-1.01839510380399,-1.01839510380399,-1.01839510380399,-1.01839510380399,-1.01839510380399,-1.01839510380399,-1.01839510380377,-1.01839510284236,-1.01839220226885,-1.01838932818092,-1.01838159682355,-0.976701254217202,-0.949108935347219,-0.918298457750171,-0.875002605174413,-0.823669801722815,-0.758176076112681,-0.671587050167489,-0.557185096571751,-0.4109910414256,-0.228312268975276,-0.0136066406699657,0.21029870517751,0.414328423919771,0.583718637739567,0.715947341265816,0.813103005633481,0.880638798782159,0.926714158615786,0.958574908369345,0.979113891252563,1.00312493508946,1.00312929771363,1.00313070627277,1.00313223480258,1.0031322352329,1.00313223538291,1.00313223538298,1.00313223538298,1.00313223538298,1.00313223538298,1.00313223538298,1.00313223538298,1.00313223538298,1.00313223538298,1.00313223538298,1.00313223538298,1.00313223538298
-1.01839510380399,-1.01839510380399,-1.01839510380399,-1.01839510380399,-1.01839510380399,-1.01839510380399,-1.01839510380399,-1.01839510380399,-1.01839510380399,-1.01839510380399,-1.01839510380399,-1.01839510380399,-1.01839510380399,-1.01839510380399,-1.01839510380399,-1.01839510380399,-1.01839510380399,-1.01839510380399,-1.01839510380399,-1.01839510380399,-1.01839510380399,-1.01839510380399,-1.01839510380399,-1.01839510380389,-1.01839510354422,-1.01839510328681,-1.01839510226073,-1.01839137108935,-1.01838890033983,-1.01838323568306,-0.985914942237517,-0.968187317720171,-0.948945982086075,-0.922381615605096,-0.880082790715245,-0.824796531760604,-0.748347798311059,-0.641095562076375,-0.493161569349003,-0.299260240274519,-0.0620831458493655,0.191663840637237,0.421981263757845,0.607298310075088,0.74500570713837,0.84090534575953,0.90465113562188,0.946920248657599,0.970854602490179,0.986329439328786,1.00312738110406,1.00313058578019,1.0031322348012,1.00313223538281,1.00313223538298,1.00313223538298,1.00313223538298,1.00313223538298,1.00313223538298,1.00313223538298,1.00313223538298,1.00313223538298,1.00313223538298,1.00313223538298
-1.01839510380399,-1.01839510380399,-1.01839510380399,-1.01839510380399,-1.01839510380399,-1.01839510380399,-1.01839510380399,-1.01839510380399,-1.01839510380399,-1.01839510380399,-1.01839510380399,-1.01839510380399,-1.01839510380399,-1.01839510380399,-1.01839510380399,-1.01839510380399,-1.01839510380399,-1.01839510380399,-1.01839510380399,-1.01839510380399,-1.01839510380399,-1.01839510380399,-1.01839510380399,-1.01839510380399,-1.01839510380396,-1.01839510380394,-1.01839510380381,-1.01839510346977,-1.01839510324849,-1.01839510248126,-1.01839219599744,-1.01839060871517,-1.0183888857319,-1.01838367402326,-0.986728374887703,-0.967878756789993,-0.945228346411485,-0.91154948015258,-0.855009676027229,-0.775836451847269,-0.66120775792599,-0.497383352866088,-0.277365085752998,-0.00922891679892867,0.265993400487886,0.501747831284494,0.680337836123566,0.804439681043232,0.884702165167675,0.93498072341435,0.966585876623263,0.985007071872283,1.00312748647342,1.00313223411797,1.00313223512206,1.00313223538288,1.00313223538298,1.00313223538298,1.00313223538298,1.00313223538298,1.00313223538298,1.00313223538298,1.00313223538298,1.00313223538298
-1.01839510380392,-1.01839510380392,-1.01839510380392,-1.01839510380394,-1.01839510380394,-1.01839510380394,-1.01839510380394,-1.01839510380399,-1.01839510380399,-1.01839510380399,-1.01839510380399,-1.01839510380399,-1.01839510380399,-1.01839510380399,-1.01839510380399,-1.01839510380399,-1.01839510380399,-1.01839510380399,-1.01839510380399,-1.01839510380399,-1.01839510380399,-1.01839510380399,-1.01839510380399,-1.01839510380399,-1.01839510380399,-1.01839510380399,-1.01839510380399,-1.01839510380394,-1.01839510380394,-1.01839510380384,-1.01839510354367,-1.01839510340151,-1.0183951032472,-1.01839510252706,-1.01839226881258,-1.01839058107825,-1.01838855281472,-1.01838209424029,-0.97991268395199,-0.953087833221705,-0.916449287138585,-0.853774371640198,-0.761638257366322,-0.623408438847146,-0.425379807686646,-0.162660805495358,0.137456786584043,0.414443095338689,0.629134903807484,0.777834623072775,0.873108176111529,0.931416870359232,0.969064611361447,1.00312308144067,1.00312936758629,1.00313223441054,1.00313223538272,1.00313223538298,1.00313223538298,1.00313223538298,1.00313223538298,1.00313223538298,1.00313223538298,1.00313223538298
-1.0183951030656,-1.01839510308741,-1.01839510313037,-1.01839510319354,-1.01839510327583,-1.01839510337803,-1.01839510351592,-1.01839510380383,-1.01839510380394,-1.01839510380394,-1.01839510380396,-1.01839510380399,-1.01839510380399,-1.01839510380399,-1.01839510380399,-1.01839510380399,-1.01839510380399,-1.01839510380399,-1.01839510380399,-1.01839510380399,-1.01839510380399,-1.01839510380399,-1.01839510380399,-1.01839510380399,-1.01839510380399,-1.01839510380399,-1.01839510380399,-1.01839510380399,-1.01839510380399,-1.01839510380399,-1.01839510380396,-1.01839510380394,-1.01839510380394,-1.01839510380384,-1.01839510355018,-1.01839510339905,-1.01839510321739,-1.01839510233098,-1.01839165860137,-1.01838925648337,-1.01838241871282,-0.978636793665622,-0.946890186437357,-0.89686735203938,-0.821088972456332,-0.702192333645988,-0.519825136157677,-0.262834780050391,0.0519067842192965,0.359335428811047,0.601861120482744,0.768245131460553,0.872977918752025,0.93659724437519,0.971622795868234,1.00312441249374,1.00313223348088,1.00313223538254,1.00313223538298,1.00313223538298,1.00313223538298,1.00313223538298,1.00313223538298,1.00313223538298
-1.01838685630048,-1.01838709963535,-1.01838757998074,-1.01838828581319,-1.01838920476761,-1.0183903462355,-1.01839188648631,-1.01839510233844,-1.01839510319708,-1.01839510340508,-1.01839510357242,-1.01839510380389,-1.01839510380394,-1.01839510380399,-1.01839510380399,-1.01839510380399,-1.01839510380399,-1.01839510380399,-1.01839510380399,-1.01839510380399,-1.01839510380399,-1.01839510380399,-1.01839510380399,-1.01839510380399,-1.01839510380399,-1.01839510380399,-1.01839510380399,-1.01839510380399,-1.01839510380399,-1.01839510380399,-1.01839510380399,-1.01839510380399,-1.01839510380399,-1.01839510380399,-1.01839510380396,-1.01839510380394,-1.01839510380394,-1.01839510380383,-1.01839510349551,-1.0183951032804,-1.01839510234981,-1.01839154410873,-1.01838607060497,-0.98898961514237,-0.964378070367128,-0.9265488212722,-0.857023924976727,-0.746455842595199,-0.570849530115933,-0.312978214226151,0.0154508502393113,0.344323413935792,0.603102068146003,0.776836464680201,0.882715306984375,0.948664726123687,1.00311914969429,1.00313223226755,1.00313223538224,1.00313223538298,1.00313223538298,1.00313223538298,1.00313223538298,1.00313223538298
-0.926275083922135,-0.928992959864763,-0.934358079017464,-0.942241741642559,-0.952505834309631,-0.965255131607955,-0.982457562295282,-1.0183819494225,-1.01838832605387,-1.01839064860403,-1.01839251712398,-1.01839510275191,-1.0183951034811,-1.01839510380383,-1.01839510380394,-1.01839510380396,-1.01839510380399,-1.01839510380399,-1.01839510380399,-1.01839510380399,-1.01839510380399,-1.01839510380399,-1.01839510380399,-1.01839510380399,-1.01839510380399,-1.01839510380399,-1.01839510380399,-1.01839510380399,-1.01839510380399,-1.01839510380399,-1.01839510380399,-1.01839510380399,-1.01839510380399,-1.01839510380399,-1.01839510380399,-1.01839510380399,-1.01839510380399,-1.01839510380399,-1.01839510380394,-1.01839510380394,-1.01839510380383,-1.01839510348521,-1.01839510275969,-1.0183924712014,-1.01839026727053,-1.01838326630193,-0.978004782146238,-0.939961543464177,-0.873745582417035,-0.765276607419366,-0.587175843913066,-0.318623149082514,0.0270714735378718,0.36933801280333,0.631659347030507,0.804059776378861,0.913783588922707,1.00311107902532,1.00313223035695,1.00313223538177,1.00313223538281,1.00313223538298,1.00313223538298,1.00313223538298
-0.666810903181701,-0.676479789286624,-0.695675872467808,-0.724123613461271,-0.761400563655278,-0.806700158023067,-0.857696183215902,-0.907387636044627,-0.942695474325199,-0.968633265023188,-0.989502409018864,-1.01838593797044,-1.01839149802195,-1.01839510238909,-1.01839510335636,-1.01839510356855,-1.01839510380389,-1.01839510380394,-1.01839510380399,-1.01839510380399,-1.01839510380399,-1.01839510380399,-1.01839510380399,-1.01839510380399,-1.01839510380399,-1.01839510380399,-1.01839510380399,-1.01839510380399,-1.01839510380399,-1.01839510380399,-1.01839510380399,-1.01839510380399,-1.01839510380399,-1.01839510380399,-1.01839510380399,-1.01839510380399,-1.01839510380399,-1.01839510380399,-1.01839510380399,-1.01839510380399,-1.01839510380399,-1.01839510380394,-1.01839510380389,-1.0183951035683,-1.01839510337088,-1.0183951024206,-1.01839148742027,-1.01838479593534,-0.981678725055544,-0.944652622718131,-0.877583860323077,-0.764007157676567,-0.573152534348741,-0.283057874303362,0.0833492152496562,0.430416713404484,0.687092053605816,0.859968490829329,1.0030981490891,1.0031322266771,1.00313223332957,1.00313223538194,1.00313223538259,1.00313223538261
-0.00617560957071583,-0.0259465948817669,-0.0663452084414887,-0.129116014384398,-0.216994761382713,-0.333373908262983,-0.477757754436565,-0.618335461586287,-0.737514032586512,-0.828902668863804,-0.895629849010444,-0.944896271053499,-0.978122276224588,-1.01838290362555,-1.01839010488614,-1.01839247392727,-1.01839510280904,-1.0183951035368,-1.01839510380389,-1.01839510380394,-1.01839510380399,-1.01839510380399,-1.01839510380399,-1.01839510380399,-1.01839510380399,-1.01839510380399,-1.01839510380399,-1.01839510380399,-1.01839510380399,-1.01839510380399,-1.01839510380399,-1.01839510380399,-1.01839510380399,-1.01839510380399,-1.01839510380399,-1.01839510380399,-1.01839510380399,-1.01839510380399,-1.01839510380399,-1.01839510380399,-1.01839510380399,-1.01839510380399,-1.01839510380399,-1.01839510380396,-1.01839510380394,-1.01839510380383,-1.01839510348012,-1.01839510258698,-1.01839181632719,-1.01838525268469,-0.982089842069331,-0.943215100652888,-0.870359992793922,-0.744054287584259,-0.530081829943188,-0.209972770491114,0.173854763577576,0.51531786911272,0.771689422190019,1.00307063878903,1.00310967137952,1.00313222604604,1.0031322310476,1.00313223139166
0.68053945251769,0.671713056221173,0.652909122072574,0.621003071518941,0.568089265129512,0.473170494539626,0.280877560937128,0.0504216429561689,-0.199539895596127,-0.426072402510634,-0.610442965731482,-0.752158000313504,-0.852773580153043,-0.922380672218775,-0.96256466739822,-0.989020394214984,-1.01838661905428,-1.01839212008111,-1.01839510269501,-1.0183951035143,-1.01839510380386,-1.01839510380394,-1.01839510380399,-1.01839510380399,-1.01839510380399,-1.01839510380399,-1.01839510380399,-1.01839510380399,-1.01839510380399,-1.01839510380399,-1.01839510380399,-1.01839510380399,-1.01839510380399,-1.01839510380399,-1.01839510380399,-1.01839510380399,-1.01839510380399,-1.01839510380399,-1.01839510380399,-1.01839510380399,-1.01839510380399,-1.01839510380399,-1.01839510380399,-1.01839510380399,-1.01839510380399,-1.01839510380399,-1.01839510380394,-1.01839510380386,-1.01839510350958,-1.01839510263117,-1.01839185309405,-1.01838490356473,-0.979627324597172,-0.936071466028569,-0.852782683887138,-0.708160341048324,-0.468906965326737,-0.129783660596815,0.24556420615553,0.557686601185372,0.755211512951485,1.00305218264549,1.00308460005068,1.00308837491176
1.00310287679461,1.00310207346996,1.00310036203775,1.00309745807701,1.00309264038021,1.00306680539989,0.814100260574794,0.68734141042771,0.511513016653678,0.295285685509207,0.0339191519229418,-0.249016832341118,-0.496307622616485,-0.68527372755552,-0.814829285768959,-0.898861532989123,-0.952986251302249,-0.985070910557305,-1.01838569916336,-1.01839186909968,-1.01839510261098,-1.01839510349612,-1.01839510380384,-1.01839510380394,-1.01839510380399,-1.01839510380399,-1.01839510380399,-1.01839510380399,-1.01839510380399,-1.01839510380399,-1.01839510380399,-1.01839510380399,-1.01839510380399,-1.01839510380399,-1.01839510380399,-1.01839510380399,-1.01839510380399,-1.01839510380399,-1.01839510380399,-1.01839510380399,-1.01839510380399,-1.01839510380399,-1.01839510380399,-1.01839510380399,-1.01839510380399,-1.01839510380399,-1.01839510380399,-1.01839510380399,-1.01839510380394,-1.01839510380386,-1.01839510351289,-1.01839510258018,-1.01839163256534,-1.01838382308358,-0.974701032762798,-0.925013132389697,-0.832255342766431,-0.680454111228386,-0.4524697408595,-0.164623222037288,0.124927035265025,0.371395363104551,0.479758413492905,0.521207379818101
1.00313223271128,1.00313223263814,1.00313223248241,1.00313223221827,1.00313223177977,1.00313222786426,1.00311503181245,1.00309213469204,0.878239989683297,0.787202657308125,0.665255730570341,0.458373731152922,0.190360860528237,-0.122148689648616,-0.411067658355704,-0.634250284206142,-0.787693048144565,-0.885253576273913,-0.946659707600505,-0.98226801451136,-1.01838501105533,-1.01839166625479,-1.01839510254002,-1.01839510347889,-1.01839510380383,-1.01839510380394,-1.01839510380399,-1.01839510380399,-1.01839510380399,-1.01839510380399,-1.01839510380399,-1.01839510380399,-1.01839510380399,-1.01839510380399,-1.01839510380399,-1.01839510380399,-1.01839510380399,-1.01839510380399,-1.01839510380399,-1.01839510380399,-1.01839510380399,-1.01839510380399,-1.01839510380399,-1.01839510380399,-1.01839510380399,-1.01839510380399,-1.01839510380399,-1.01839510380399,-1.01839510380399,-1.01839510380399,-1.01839510380394,-1.01839510380384,-1.0183951034931,-1.01839510244395,-1.01839119146689,-1.01838244044336,-0.97031426179494,-0.920160291289345,-0.837639584790218,-0.724509022561792,-0.587709921499426,-0.448226522291628,-0.35282460509761,-0.305942065526214
1.00313223538274,1.00313223538274,1.00313223538272,1.00313223538269,1.00313223538267,1.00313223538214,1.00313223381733,1.00313223070028,1.00312086983116,1.00311258294967,1.00308829579214,0.85814237351932,0.734508153357258,0.540574390481815,0.280013986053191,-0.0404408471995214,-0.352847553295091,-0.59901607934865,-0.768322407340055,-0.87518076957854,-0.941775852066488,-0.980002644488785,-1.01838442134074,-1.01839147384906,-1.01839510246857,-1.01839510345905,-1.01839510380383,-1.01839510380394,-1.01839510380399,-1.01839510380399,-1.01839510380399,-1.01839510380399,-1.01839510380399,-1.01839510380399,-1.01839510380399,-1.01839510380399,-1.01839510380399,-1.01839510380399,-1.01839510380399,-1.01839510380399,-1.01839510380399,-1.01839510380399,-1.01839510380399,-1.01839510380399,-1.01839510380399,-1.01839510380399,-1.01839510380399,-1.01839510380399,-1.01839510380399,-1.01839510380399,-1.01839510380399,-1.01839510380399,-1.01839510380394,-1.01839510380383,-1.0183951034536,-1.01839510228505,-1.01839079878267,-1.01838239944255,-0.974709544920168,-0.940207210086844,-0.900360663569712,-0.852852247517426,-0.818471160555732,-0.800872710514295
1.00313223538298,1.00313223538298,1.00313223538298,1.00313223538298,1.00313223538298,1.00313223538298,1.00313223538286,1.00313223538247,1.0031322343489,1.0031322335945,1.00313223018458,1.00311903968402,1.00309659722509,0.880108583929548,0.768084800159681,0.586591554198991,0.334190883235214,0.0128416227622029,-0.312070902836656,-0.572930232521658,-0.753193333761018,-0.866843971403885,-0.937453648628647,-0.977853798016319,-1.01838381576628,-1.0183912523015,-1.01839510238137,-1.01839510343172,-1.01839510380381,-1.01839510380394,-1.01839510380396,-1.01839510380399,-1.01839510380399,-1.01839510380399,-1.01839510380399,-1.01839510380399,-1.01839510380399,-1.01839510380399,-1.01839510380399,-1.01839510380399,-1.01839510380399,-1.01839510380399,-1.01839510380399,-1.01839510380399,-1.01839510380399,-1.01839510380399,-1.01839510380399,-1.01839510380399,-1.01839510380399,-1.01839510380399,-1.01839510380399,-1.01839510380399,-1.01839510380399,-1.01839510380399,-1.01839510380394,-1.01839510380381,-1.01839510341847,-1.01839510231665,-1.01839119273144,-1.01838810331152,-1.0183813075164,-0.982313935424565,-0.969260441279242,-0.963931302501534
1.00313223538298,1.00313223538298,1.00313223538298,1.00313223538298,1.00313223538298,1.00313223538298,1.00313223538298,1.00313223538298,1.00313223538291,1.00313223538281,1.0031322353824,1.00313223418197,1.00313223112154,1.00312103878463,1.00310076851651,0.892369547638036,0.787802377625343,0.615147098460284,0.370025554697417,0.0509657583497828,-0.280399530144024,-0.551063581211139,-0.739482337026871,-0.858653346557294,-0.932837791901456,-0.975379413470998,-1.0183830631043,-1.01839094710368,-1.01839510224786,-1.01839510334449,-1.01839510356463,-1.01839510380389,-1.01839510380394,-1.01839510380399,-1.01839510380399,-1.01839510380399,-1.01839510380399,-1.01839510380399,-1.01839510380399,-1.01839510380399,-1.01839510380399,-1.01839510380399,-1.01839510380399,-1.01839510380399,-1.01839510380399,-1.01839510380399,-1.01839510380399,-1.01839510380399,-1.01839510380399,-1.01839510380399,-1.01839510380399,-1.01839510380399,-1.01839510380399,-1.01839510380399,-1.01839510380399,-1.01839510380399,-1.01839510380394,-1.01839510380381,-1.01839510345384,-1.01839510317717,-1.01839510227985,-1.01839187366277,-1.01839070485967,-1.01839022772078
1.00313223538298,1.00313223538298,1.00313223538298,1.00313223538298,1.00313223538298,1.00313223538298,1.00313223538298,1.00313223538298,1.00313223538298,1.00313223538298,1.00313223538298,1.00313223538288,1.0031322353825,1.00313223436411,1.00313223160295,1.00312215464002,1.00310326116673,0.900043651147227,0.800801341095303,0.635272144722747,0.397295472111987,0.0827207086177553,-0.251342075502276,-0.529070150145831,-0.72442213240004,-0.848894190701535,-0.926904440500207,-0.971970686537858,-1.01838187695595,-1.01838997211313,-1.01839243035128,-1.01839510278864,-1.01839510352443,-1.01839510380386,-1.01839510380394,-1.01839510380399,-1.01839510380399,-1.01839510380399,-1.01839510380399,-1.01839510380399,-1.01839510380399,-1.01839510380399,-1.01839510380399,-1.01839510380399,-1.01839510380399,-1.01839510380399,-1.01839510380399,-1.01839510380399,-1.01839510380399,-1.01839510380399,-1.01839510380399,-1.01839510380399,-1.01839510380399,-1.01839510380399,-1.01839510380399,-1.01839510380399,-1.01839510380399,-1.01839510380399,-1.01839510380394,-1.01839510380394,-1.01839510380381,-1.0183951035148,-1.01839510341013,-1.01839510336742
1.00313223538298,1.00313223538298,1.00313223538298,1.00313223538298,1.00313223538298,1.00313223538298,1.00313223538298,1.00313223538298,1.00313223538298,1.00313223538298,1.00313223538298,1.00313223538298,1.00313223538298,1.00313223538291,1.00313223538255,1.00313223446578,1.00313223189335,1.00312285306077,1.00310494759694,0.905577008595506,0.810837282197165,0.652155981868232,0.422313331641748,0.11480225081929,-0.218985227935718,-0.50238427351461,-0.704696197893672,-0.835082949501732,-0.917063619809866,-0.961082566209224,-0.988533761360934,-1.01838643480323,-1.01839198197652,-1.01839510261534,-1.01839510347365,-1.01839510380383,-1.01839510380394,-1.01839510380396,-1.01839510380399,-1.01839510380399,-1.01839510380399,-1.01839510380399,-1.01839510380399,-1.01839510380399,-1.01839510380399,-1.01839510380399,-1.01839510380399,-1.01839510380399,-1.01839510380399,-1.01839510380399,-1.01839510380399,-1.01839510380399,-1.01839510380399,-1.01839510380399,-1.01839510380399,-1.01839510380399,-1.01839510380399,-1.01839510380399,-1.01839510380399,-1.01839510380399,-1.01839510380399,-1.01839510380394,-1.01839510380394,-1.01839510380394
1.0031322352001,1.00313223521483,1.00313223525464,1.00313223538291,1.00313223538294,1.00313223538298,1.00313223538298,1.00313223538298,1.00313223538298,1.00313223538298,1.00313223538298,1.00313223538298,1.00313223538298,1.00313223538298,1.00313223538298,1.00313223538291,1.00313223538259,1.00313223452944,1.00313223209246,1.0031233566636,1.00310629758755,0.910376355164766,0.820249087924149,0.669383733223158,0.450002078681243,0.153319409436923,-0.176876512903947,-0.465204376638091,-0.675267763909361,-0.812149157452587,-0.897481927162488,-0.951414830802521,-0.983528301735898,-1.01838494716776,-1.01839141517716,-1.01839510238581,-1.01839510336279,-1.01839510356919,-1.01839510380389,-1.01839510380394,-1.01839510380399,-1.01839510380399,-1.01839510380399,-1.01839510380399,-1.01839510380399,-1.01839510380399,-1.01839510380399,-1.01839510380399,-1.01839510380399,-1.01839510380399,-1.01839510380399,-1.01839510380399,-1.01839510380399,-1.01839510380399,-1.01839510380399,-1.01839510380399,-1.01839510380399,-1.01839510380399,-1.01839510380399,-1.01839510380399,-1.01839510380399,-1.01839510380399,-1.01839510380399,-1.01839510380399
1.00313022460155,1.00313038684896,1.00313082430713,1.00313223466014,1.00313223503997,1.00313223515179,1.00313223525149,1.00313223538291,1.00313223538298,1.00313223538298,1.00313223538298,1.00313223538298,1.00313223538298,1.00313223538298,1.00313223538298,1.00313223538298,1.00313223538298,1.00313223538291,1.00313223538261,1.00313223457532,1.00313223225494,1.00312379347487,1.00310761299496,0.915419928280833,0.830791577353711,0.689869209370727,0.484709598400927,0.204278115078063,-0.117764433473875,-0.410699057389941,-0.631578709263533,-0.781706566399448,-0.877794160162128,-0.939802177021695,-0.977197823163676,-1.01838294972574,-1.01839017667579,-1.01839248119573,-1.01839510279615,-1.0183951035232,-1.01839510380386,-1.01839510380394,-1.01839510380399,-1.01839510380399,-1.01839510380399,-1.01839510380399,-1.01839510380399,-1.01839510380399,-1.01839510380399,-1.01839510380399,-1.01839510380399,-1.01839510380399,-1.01839510380399,-1.01839510380399,-1.01839510380399,-1.01839510380399,-1.01839510380399,-1.01839510380399,-1.01839510380399,-1.01839510380399,-1.01839510380399,-1.01839510380399,-1.01839510380399,-1.01839510380399
0.981036455571894,0.982819204012909,0.987625536404574,1.00312569716396,1.00312846386645,1.00312969385457,1.00313078980176,1.00313223481622,1.00313223523411,1.00313223538291,1.00313223538298,1.00313223538298,1.00313223538298,1.00313223538298,1.00313223538298,1.00313223538298,1.00313223538298,1.00313223538298,1.00313223538298,1.00313223538291,1.00313223538261,1.00313223461508,1.00313223241632,1.00312425252482,1.00310912379,0.921480137621683,0.843860002083347,0.715844612748472,0.52951229869273,0.271556651831289,-0.0370604017154618,-0.33580500316493,-0.573996529128101,-0.742322529002006,-0.852491146851881,-0.923820181828184,-0.963366641625778,-0.989101535248671,-1.01838646773477,-1.01839196839542,-1.01839510262816,-1.01839510350575,-1.01839510380389,-1.01839510380399,-1.01839510380399,-1.01839510380399,-1.01839510380399,-1.01839510380399,-1.01839510380399,-1.01839510380399,-1.01839510380399,-1.01839510380399,-1.01839510380399,-1.01839510380399,-1.01839510380399,-1.01839510380399,-1.01839510380399,-1.01839510380399,-1.01839510380399,-1.01839510380399,-1.01839510380399,-1.01839510380399,-1.01839510380399,-1.01839510380399
0.91381825105019,0.919531682945656,0.930704744472445,0.946784509530089,0.961690318618535,0.975204626727807,0.987246995956214,1.00312744789187,1.00313059895815,1.00313223480423,1.00313223525986,1.00313223538293,1.00313223538298,1.00313223538298,1.00313223538298,1.00313223538298,1.00313223538298,1.00313223538298,1.00313223538298,1.00313223538298,1.00313223538298,1.00313223538291,1.00313223538267,1.00313223465683,1.00313223260392,1.00312480410974,1.00311100392947,0.92907345342158,0.860215328277363,0.748205887142171,0.585413051125905,0.356446990734594,0.0622328559217541,-0.24529510698937,-0.504178562356362,-0.692681087894971,-0.81790469951175,-0.898537089740183,-0.951214854908067,-0.98337650687626,-1.01838510395808,-1.01839177364806,-1.01839510270729,-1.01839510380373,-1.01839510380394,-1.01839510380399,-1.01839510380399,-1.01839510380399,-1.01839510380399,-1.01839510380399,-1.01839510380399,-1.01839510380399,-1.01839510380399,-1.01839510380399,-1.01839510380399,-1.01839510380399,-1.01839510380399,-1.01839510380399,-1.01839510380399,-1.01839510380399,-1.01839510380399,-1.01839510380399,-1.01839510380399,-1.01839510380399
0.683183797152203,0.701807816050372,0.737489520732031,0.786775739549004,0.842727986643999,0.894454967776903,0.936071337532862,0.966402100441722,0.98515176466368,1.0031275064189,1.00313088245372,1.00313223495476,1.00313223538288,1.00313223538298,1.00313223538298,1.00313223538298,1.00313223538298,1.00313223538298,1.00313223538298,1.00313223538298,1.00313223538298,1.00313223538298,1.00313223538298,1.00313223538291,1.00313223538269,1.00313223470707,1.00313223283802,1.00312549523213,1.00311336624951,0.938679007874241,0.881865849095622,0.797033312343252,0.648498367286283,0.439832996873256,0.16453146346989,-0.142218314112781,-0.418415068474209,-0.631121655976862,-0.779670284366599,-0.877105911792767,-0.941705006361729,-0.981202248153137,-1.01838618265819,-1.01839510176137,-1.01839510352895,-1.01839510380389,-1.01839510380399,-1.01839510380399,-1.01839510380399,-1.01839510380399,-1.01839510380399,-1.01839510380399,-1.01839510380399,-1.01839510380399,-1.01839510380399,-1.01839510380399,-1.01839510380399,-1.01839510380399,-1.01839510380399,-1.01839510380399,-1.01839510380399,-1.01839510380399,-1.01839510380399,-1.01839510380399
0.0619869537798183,0.10325046004623,0.18667499993545,0.312815434146752,0.476407404032797,0.637871631005361,0.773490486651149,0.870804718317002,0.932457006253644,0.96914028373401,0.988267478820659,1.00312887877616,1.00313223465478,1.00313223538281,1.00313223538298,1.00313223538298,1.00313223538298,1.00313223538298,1.00313223538298,1.00313223538298,1.00313223538298,1.00313223538298,1.00313223538298,1.00313223538298,1.00313223538298,1.00313223538291,1.00313223538269,1.00313223476992,1.00313223313285,1.00312636994013,1.00312119855747,1.00310514730589,0.911541281406023,0.830309999628252,0.701473453369765,0.520408890053996,0.274447771607449,-0.0284258136678821,-0.327410269643558,-0.570660323200616,-0.749670900943998,-0.873910309401259,-0.955926284712185,-1.01838120616457,-1.01839203327878,-1.0183951029684,-1.01839510380383,-1.01839510380399,-1.01839510380399,-1.01839510380399,-1.01839510380399,-1.01839510380399,-1.01839510380399,-1.01839510380399,-1.01839510380399,-1.01839510380399,-1.01839510380399,-1.01839510380399,-1.01839510380399,-1.01839510380399,-1.01839510380399,-1.01839510380399,-1.01839510380399,-1.01839510380399
-0.663501237568933,-0.641683012569799,-0.590521597251418,-0.486058861479535,-0.262883672787744,0.0212404616393587,0.330927347949326,0.593171931358538,0.776165355938984,0.887233265178428,0.948191206543016,0.981106047913729,1.00312758313931,1.00313223440862,1.00313223527052,1.00313223538294,1.00313223538298,1.00313223538298,1.00313223538298,1.00313223538298,1.00313223538298,1.00313223538298,1.00313223538298,1.00313223538298,1.00313223538298,1.00313223538298,1.00313223538298,1.00313223538291,1.00313223538272,1.00313223484959,1.00313223437868,1.00313223216,1.00312389964729,1.00310955559226,0.926707588021981,0.861363900310038,0.765673243377784,0.599408130259086,0.370128566462884,0.073655852908226,-0.259296237963974,-0.571831745258852,-0.796041475289101,-0.925612244376752,-0.984106588198474,-1.01838883991089,-1.01839510295715,-1.01839510380389,-1.01839510380399,-1.01839510380399,-1.01839510380399,-1.01839510380399,-1.01839510380399,-1.01839510380399,-1.01839510380399,-1.01839510380399,-1.01839510380399,-1.01839510380399,-1.01839510380399,-1.01839510380399,-1.01839510380399,-1.01839510380399,-1.01839510380399,-1.01839510380399
-1.01836332861599,-1.01836137497188,-1.01835679212588,-1.0183289381938,-0.811680295827201,-0.642636008499965,-0.364350073953952,0.00289417672201688,0.375660584069954,0.659479469903698,0.833708160063506,0.926767230423302,0.974027837553445,1.00312617598611,1.00313099974801,1.0031322350365,1.00313223538291,1.00313223538298,1.00313223538298,1.00313223538298,1.00313223538298,1.00313223538298,1.00313223538298,1.00313223538298,1.00313223538298,1.00313223538298,1.00313223538298,1.00313223538298,1.00313223538298,1.00313223538293,1.00313223538291,1.00313223538261,1.00313223462477,1.00313223268659,1.00312528050259,1.00311933260281,1.00310112994836,0.898754698667304,0.809540388985086,0.679687958358439,0.459145295269959,0.0441017189915484,-0.412335242225845,-0.738276587880086,-0.90697657037241,-0.982706841388006,-1.01839190776233,-1.01839510351763,-1.01839510380394,-1.01839510380399,-1.01839510380399,-1.01839510380399,-1.01839510380399,-1.01839510380399,-1.01839510380399,-1.01839510380399,-1.01839510380399,-1.01839510380399,-1.01839510380399,-1.01839510380399,-1.01839510380399,-1.01839510380399,-1.01839510380399,-1.01839510380399
-1.01839510095915,-1.01839510078425,-1.01839510037365,-1.01839509622419,-1.018376594991,-1.01834394643937,-0.822715024097698,-0.595862447633786,-0.264497000468755,0.161054972198812,0.538782488474205,0.780561031956486,0.906608180391881,0.965642098565941,0.989557939067654,1.0031296604993,1.00313223491179,1.00313223538291,1.00313223538298,1.00313223538298,1.00313223538298,1.00313223538298,1.00313223538298,1.00313223538298,1.00313223538298,1.00313223538298,1.00313223538298,1.00313223538298,1.00313223538298,1.00313223538298,1.00313223538298,1.00313223538298,1.00313223538291,1.00313223538269,1.00313223475052,1.00313223420864,1.00313223168884,1.00312273665529,1.00311461701327,1.00310279575627,1.00305118583252,0.656490572732009,0.194598541266742,-0.348049049253223,-0.729790189122372,-0.917424305544234,-1.01837875231331,-1.01839510113441,-1.01839510380355,-1.01839510380399,-1.01839510380399,-1.01839510380399,-1.01839510380399,-1.01839510380399,-1.01839510380399,-1.01839510380399,-1.01839510380399,-1.01839510380399,-1.01839510380399,-1.01839510380399,-1.01839510380399,-1.01839510380399,-1.01839510380399,-1.01839510380399
-1.01839510380373,-1.01839510380373,-1.01839510380369,-1.01839510380317,-1.01839510214656,-1.01839509668028,-1.01836667992236,-0.896551305192112,-0.746073054284166,-0.449501975710014,-0.00977402062857027,0.437550809058329,0.737743765309959,0.89144933610536,0.959356953017337,0.988407112605773,1.00312962824737,1.00313223503061,1.00313223538294,1.00313223538298,1.00313223538298,1.00313223538298,1.00313223538298,1.00313223538298,1.00313223538298,1.00313223538298,1.00313223538298,1.00313223538298,1.00313223538298,1.00313223538298,1.00313223538298,1.00313223538298,1.00313223538298,1.00313223538298,1.00313223538291,1.00313223538288,1.00313223538255,1.00313223451899,1.00313223377968,1.0031322327031,1.00313222255787,1.00307232922104,0.691437475067435,0.196518506824478,-0.381719719101943,-0.760913815311552,-0.936702408508363,-1.01838163240063,-1.01839510158783,-1.01839510380367,-1.01839510380399,-1.01839510380399,-1.01839510380399,-1.01839510380399,-1.01839510380399,-1.01839510380399,-1.01839510380399,-1.01839510380399,-1.01839510380399,-1.01839510380399,-1.01839510380399,-1.01839510380399,-1.01839510380399,-1.01839510380399
-1.01839510380399,-1.01839510380399,-1.01839510380399,-1.01839510380399,-1.01839510380383,-1.01839510380303,-1.01839510028302,-1.01838419332863,-1.01835401660112,-0.831751987970963,-0.55594224991295,-0.118630244699123,0.371532886786924,0.712909031970435,0.884954372143775,0.958804331257796,0.989203473581398,1.00313096746214,1.00313223526759,1.00313223538298,1.00313223538298,1.00313223538298,1.00313223538298,1.00313223538298,1.00313223538298,1.00313223538298,1.00313223538298,1.00313223538298,1.00313223538298,1.00313223538298,1.00313223538298,1.00313223538298,1.00313223538298,1.00313223538298,1.00313223538298,1.00313223538298,1.00313223538298,1.00313223538291,1.00313223538284,1.00313223538274,1.0031322353808,1.0031322242774,1.00307008313924,0.631825145574033,0.103867269081698,-0.462193584145928,-0.800696558970017,-0.949594562979713,-1.01838381745448,-1.01839510233449,-1.01839510380381,-1.01839510380399,-1.01839510380399,-1.01839510380399,-1.01839510380399,-1.01839510380399,-1.01839510380399,-1.01839510380399,-1.01839510380399,-1.01839510380399,-1.01839510380399,-1.01839510380399,-1.01839510380399,-1.01839510380399
-1.01839510380399,-1.01839510380399,-1.01839510380399,-1.01839510380399,-1.01839510380399,-1.01839510380399,-1.01839510380358,-1.01839510282678,-1.01839509738352,-1.01836446566297,-0.862780120089236,-0.60792750767834,-0.172050023597219,0.345486462458677,0.709688936724594,0.888616710607204,0.964087398067191,1.00312580160755,1.00313223432314,1.00313223538281,1.00313223538298,1.00313223538298,1.00313223538298,1.00313223538298,1.00313223538298,1.00313223538298,1.00313223538298,1.00313223538298,1.00313223538298,1.00313223538298,1.00313223538298,1.00313223538298,1.00313223538298,1.00313223538298,1.00313223538298,1.00313223538298,1.00313223538298,1.00313223538298,1.00313223538298,1.00313223538298,1.00313223538287,1.00313223400352,1.00311708609068,0.836705370278586,0.522733694880855,-0.0143375764097531,-0.539867679200954,-0.833339914038543,-0.961111852773704,-1.01838997389657,-1.0183951033444,-1.01839510380394,-1.01839510380399,-1.01839510380399,-1.01839510380399,-1.01839510380399,-1.01839510380399,-1.01839510380399,-1.01839510380399,-1.01839510380399,-1.01839510380399,-1.01839510380399,-1.01839510380399,-1.01839510380399
-1.01839510380399,-1.01839510380399,-1.01839510380399,-1.01839510380399,-1.01839510380399,-1.01839510380399,-1.01839510380399,-1.01839510380389,-1.01839510380294,-1.01839509867538,-1.01836844784924,-0.876234864114602,-0.626170921390763,-0.178485071142533,0.359817251415398,0.727825795970315,0.900777194493005,0.971468010680522,1.0031270194747,1.00313223453455,1.00313223538286,1.00313223538298,1.00313223538298,1.00313223538298,1.00313223538298,1.00313223538298,1.00313223538298,1.00313223538298,1.00313223538298,1.00313223538298,1.00313223538298,1.00313223538298,1.00313223538298,1.00313223538298,1.00313223538298,1.00313223538298,1.00313223538298,1.00313223538298,1.00313223538298,1.00313223538298,1.00313223538291,1.00313223478449,1.00312565435898,0.93082132477863,0.777691037929358,0.436623848138068,-0.112476860446192,-0.599574149827723,-0.866191024408677,-1.01836973935081,-1.01839509943348,-1.01839510380323,-1.01839510380399,-1.01839510380399,-1.01839510380399,-1.01839510380399,-1.01839510380399,-1.01839510380399,-1.01839510380399,-1.01839510380399,-1.01839510380399,-1.01839510380399,-1.01839510380399,-1.01839510380399
-1.01839510380399,-1.01839510380399,-1.01839510380399,-1.01839510380399,-1.01839510380399,-1.01839510380399,-1.01839510380399,-1.01839510380399,-1.01839510380399,-1.01839510380314,-1.01839509915188,-1.01836978867839,-0.877757944827085,-0.615936820628542,-0.138782094560597,0.412191153786728,0.76277966887568,0.917632302407426,0.977470962725648,1.00312812198506,1.00313223473411,1.00313223538291,1.00313223538298,1.00313223538298,1.00313223538298,1.00313223538298,1.00313223538298,1.00313223538298,1.00313223538298,1.00313223538298,1.00313223538298,1.00313223538298,1.00313223538298,1.00313223538298,1.00313223538298,1.00313223538298,1.00313223538298,1.00313223538298,1.00313223538298,1.00313223538298,1.00313223538298,1.00313223514647,1.00312963536879,0.974563193373346,0.905686893519735,0.735719199125376,0.366583845760177,-0.183826914550792,-0.639260859726692,-0.887255966285353,-1.01837164375774,-1.01839509952487,-1.01839510380319,-1.01839510380399,-1.01839510380399,-1.01839510380399,-1.01839510380399,-1.01839510380399,-1.01839510380399,-1.01839510380399,-1.01839510380399,-1.01839510380399,-1.01839510380399,-1.01839510380399
-1.01839510380399,-1.01839510380399,-1.01839510380399,-1.01839510380399,-1.01839510380399,-1.01839510380399,-1.01839510380399,-1.01839510380399,-1.01839510380399,-1.01839510380399,-1.01839510380317,-1.01839509920089,-1.01836899537001,-0.867373150596646,-0.571802704151437,-0.051520698616912,0.493962552226203,0.806912901379094,0.935933788046761,0.983585075652148,1.00312921231461,1.00313223499489,1.00313223538294,1.00313223538298,1.00313223538298,1.00313223538298,1.00313223538298,1.00313223538298,1.00313223538298,1.00313223538298,1.00313223538298,1.00313223538298,1.00313223538298,1.00313223538298,1.00313223538298,1.00313223538298,1.00313223538298,1.00313223538298,1.00313223538298,1.00313223538298,1.00313223538298,1.00313223538291,1.00313223459433,1.0031261628479,0.964962371468954,0.888874342242616,0.70373853659753,0.319040170660621,-0.221709851854565,-0.653069261695678,-0.887459310171727,-1.01837075993341,-1.01839509917912,-1.01839510380309,-1.01839510380399,-1.01839510380399,-1.01839510380399,-1.01839510380399,-1.01839510380399,-1.01839510380399,-1.01839510380399,-1.01839510380399,-1.01839510380399,-1.01839510380399
-1.01839510380399,-1.01839510380399,-1.01839510380399,-1.01839510380399,-1.01839510380399,-1.01839510380399,-1.01839510380399,-1.01839510380399,-1.01839510380399,-1.01839510380399,-1.01839510380399,-1.01839510380314,-1.01839509872587,-1.01836448267581,-0.827355834535573,-0.487898002756794,0.0773048454186642,0.591116287240483,0.852850473950426,0.953658495652455,0.989454200720706,1.00313099043565,1.0031322352697,1.00313223538298,1.00313223538298,1.00313223538298,1.00313223538298,1.00313223538298,1.00313223538298,1.00313223538298,1.00313223538298,1.00313223538298,1.00313223538298,1.00313223538298,1.00313223538298,1.00313223538298,1.00313223538298,1.00313223538298,1.00313223538298,1.00313223538298,1.00313223538298,1.00313223538298,1.00313223526683,1.00313095894813,0.98910953442028,0.957371106084358,0.877609489731988,0.686061041317817,0.302795903141142,-0.220710148576725,-0.640340227218239,-0.877383066961801,-1.01836778108401,-1.018395098355,-1.01839510380285,-1.01839510380389,-1.01839510380399,-1.01839510380399,-1.01839510380399,-1.01839510380399,-1.01839510380399,-1.01839510380399,-1.01839510380399,-1.01839510380399
-1.01839510380399,-1.01839510380399,-1.01839510380399,-1.01839510380399,-1.01839510380399,-1.01839510380399,-1.01839510380399,-1.01839510380399,-1.01839510380399,-1.01839510380399,-1.01839510380399,-1.01839510380394,-1.01839510319141,-1.01838826588227,-0.942036280450233,-0.764100647054945,-0.366381385176456,0.235401301443518,0.690857535884455,0.895699421228317,0.970724217495771,1.00312756637207,1.00313223480202,1.00313223538291,1.00313223538298,1.00313223538298,1.00313223538298,1.00313223538298,1.00313223538298,1.00313223538298,1.00313223538298,1.00313223538298,1.00313223538298,1.00313223538298,1.00313223538298,1.00313223538298,1.00313223538298,1.00313223538298,1.00313223538298,1.00313223538298,1.00313223538298,1.00313223538298,1.00313223538294,1.00313223502016,1.00312952176817,0.987330782646065,0.954401284097673,0.874026554919768,0.687373366867123,0.323237113112043,-0.177950430948796,-0.599795208907698,-0.854183843173549,-1.0183615531382,-1.01839509641556,-1.01839510248641,-1.01839510380338,-1.01839510380386,-1.01839510380399,-1.01839510380399,-1.01839510380399,-1.01839510380399,-1.01839510380399,-1.01839510380399
-1.01839510380399,-1.01839510380399,-1.01839510380399,-1.01839510380399,-1.01839510380399,-1.01839510380399,-1.01839510380399,-1.01839510380399,-1.01839510380399,-1.01839510380399,-1.01839510380399,-1.01839510380399,-1.01839510380377,-1.01839510176517,-1.0183791652803,-0.916700445035911,-0.686975845568586,-0.200578102503082,0.410728076142884,0.783366860319516,0.932038953463148,0.984226632781976,1.00313051469106,1.00313223522643,1.00313223538298,1.00313223538298,1.00313223538298,1.00313223538298,1.00313223538298,1.00313223538298,1.00313223538298,1.00313223538298,1.00313223538298,1.00313223538298,1.00313223538298,1.00313223538298,1.00313223538298,1.00313223538298,1.00313223538298,1.00313223538298,1.00313223538298,1.00313223538298,1.00313223538298,1.00313223538291,1.00313223487111,1.00312931931708,0.986884494951207,0.954724045873384,0.879205311815177,0.709389970863278,0.381734513122432,-0.0872102378106383,-0.519694147631212,-0.807814436022126,-1.01834611567545,-1.01838039218187,-1.01839509848506,-1.01839510232615,-1.01839510380328,-1.01839510380373,-1.01839510380379,-1.01839510380379,-1.01839510380381,-1.01839510380381
-1.01839510380399,-1.01839510380399,-1.01839510380399,-1.01839510380399,-1.01839510380399,-1.01839510380399,-1.01839510380399,-1.01839510380399,-1.01839510380399,-1.01839510380399,-1.01839510380399,-1.01839510380399,-1.01839510380399,-1.01839510380349,-1.01839510044899,-1.01837356209897,-0.87944398867012,-0.5640156547264,0.0215372696409643,0.584813161489702,0.860597397267946,0.961345860070133,1.00312643808398,1.00313223467438,1.00313223538291,1.00313223538298,1.00313223538298,1.00313223538298,1.00313223538298,1.00313223538298,1.00313223538298,1.00313223538298,1.00313223538298,1.00313223538298,1.00313223538298,1.00313223538298,1.00313223538298,1.00313223538298,1.00313223538298,1.00313223538298,1.00313223538298,1.00313223538298,1.00313223538298,1.00313223538298,1.00313223538291,1.00313223485484,1.00312934271922,0.987587984584785,0.958574424730227,0.893349301034866,0.750586664247322,0.477458181631937,0.0651045007186368,-0.366800237041928,-0.681762438824977,-0.854096305541127,-1.01835039635172,-1.01837859963441,-1.01839509707782,-1.01839510090484,-1.01839510141049,-1.0183951017193,-1.01839510189958,-1.01839510198287
-1.01839510380399,-1.01839510380399,-1.01839510380399,-1.01839510380399,-1.01839510380399,-1.01839510380399,-1.01839510380399,-1.01839510380399,-1.01839510380399,-1.01839510380399,-1.01839510380399,-1.01839510380399,-1.01839510380399,-1.01839510380399,-1.01839510380328,-1.01839509897971,-1.01836275193624,-0.795954387999672,-0.367361688700802,0.281544532062595,0.733702587956528,0.917903833656758,0.981205117185369,1.00313023974278,1.00313223520144,1.00313223538298,1.00313223538298,1.00313223538298,1.00313223538298,1.00313223538298,1.00313223538298,1.00313223538298,1.00313223538298,1.00313223538298,1.00313223538298,1.00313223538298,1.00313223538298,1.00313223538298,1.00313223538298,1.00313223538298,1.00313223538298,1.00313223538298,1.00313223538298,1.00313223538298,1.00313223538298,1.00313223538291,1.00313223488032,1.00312960013748,0.989713653229976,0.967350670486604,0.914479288444555,0.805912261141369,0.603285228492629,0.284690135617277,-0.101121139998381,-0.437275339354841,-0.683296468992765,-0.834067527211215,-1.01833646921629,-1.01836272506027,-1.0183683700847,-1.0183718193097,-1.01837383267567,-1.01837476304439
-1.01839510380399,-1.01839510380399,-1.01839510380399,-1.01839510380399,-1.01839510380399,-1.01839510380399,-1.01839510380399,-1.01839510380399,-1.01839510380399,-1.01839510380399,-1.01839510380399,-1.01839510380399,-1.01839510380399,-1.01839510380399,-1.01839510380392,-1.01839510297915,-1.01838589436106,-0.915545121384231,-0.648802388875708,-0.0890690298051663,0.528406078596456,0.843880445942446,0.957638528224238,1.00312612378486,1.00313223464788,1.00313223538291,1.00313223538298,1.00313223538298,1.00313223538298,1.00313223538298,1.00313223538298,1.00313223538298,1.00313223538298,1.00313223538298,1.00313223538298,1.00313223538298,1.00313223538298,1.00313223538298,1.00313223538298,1.00313223538298,1.00313223538298,1.00313223538298,1.00313223538298,1.00313223538298,1.00313223538298,1.00313223538298,1.00313223538291,1.00313223503228,1.00313101395804,1.00312663510074,0.977365089124249,0.938465090607723,0.866249004491903,0.736873645063487,0.532287755823849,0.255431726855657,-0.0573510610106411,-0.33380838947372,-0.547780945309338,-0.656779218835588,-0.719806874119368,-0.758329155428055,-0.780815510057886,-0.791206431269909
-1.01839510380399,-1.01839510380399,-1.01839510380399,-1.01839510380399,-1.01839510380399,-1.01839510380399,-1.01839510380399,-1.01839510380399,-1.01839510380399,-1.01839510380399,-1.01839510380399,-1.01839510380399,-1.01839510380399,-1.01839510380399,-1.01839510380399,-1.01839510380363,-1.01839510062258,-1.01836877311969,-0.82711169566941,-0.427019319258437,0.237098474557116,0.72130089118385,0.916252803348094,0.981458456433625,1.00313026284829,1.00313223520354,1.00313223538298,1.00313223538298,1.00313223538298,1.00313223538298,1.00313223538298,1.00313223538298,1.00313223538298,1.00313223538298,1.00313223538298,1.00313223538298,1.00313223538298,1.00313223538298,1.00313223538298,1.00313223538298,1.00313223538298,1.00313223538298,1.00313223538298,1.00313223538298,1.00313223538298,1.00313223538298,1.00313223538298,1.00313223538294,1.00313223527182,1.00313223451514,1.00312829339619,0.985574830739475,0.962898243051918,0.919884083409722,0.849327660709938,0.740783263055634,0.590718592521961,0.409482490508437,0.217610008717366,0.0530633489696224,-0.0754476441789431,-0.166935156608312,-0.224419938119641,-0.251890884927057
-1.01839510380399,-1.01839510380399,-1.01839510380399,-1.01839510380399,-1.01839510380399,-1.01839510380399,-1.01839510380399,-1.01839510380399,-1.01839510380399,-1.01839510380399,-1.01839510380399,-1.01839510380399,-1.01839510380399,-1.01839510380399,-1.01839510380399,-1.01839510380392,-1.01839510305266,-1.01838671337292,-0.92468847375386,-0.667842253432719,-0.102322004005219,0.534315821439779,0.850606731178519,0.960783922844327,1.00312672632272,1.00313223473152,1.00313223538291,1.00313223538298,1.00313223538298,1.00313223538298,1.00313223538298,1.00313223538298,1.00313223538298,1.00313223538298,1.00313223538298,1.00313223538298,1.00313223538298,1.00313223538298,1.00313223538298,1.00313223538298,1.00313223538298,1.00313223538298,1.00313223538298,1.00313223538298,1.00313223538298,1.00313223538298,1.00313223538298,1.00313223538298,1.00313223538298,1.00313223538287,1.00313223487926,1.00313063737956,1.00312665205191,0.982004198663785,0.960371787737383,0.925768034588636,0.87794655014106,0.816309407909518,0.744396669714428,0.672853979973695,0.608620646053129,0.556766140115969,0.520689773790757,0.502265734685808
-1.01839510380399,-1.01839510380399,-1.01839510380399,-1.01839510380399,-1.01839510380399,-1.01839510380399,-1.01839510380399,-1.01839510380399,-1.01839510380399,-1.01839510380399,-1.01839510380399,-1.01839510380399,-1.01839510380399,-1.01839510380399,-1.01839510380399,-1.01839510380399,-1.01839510380364,-1.01839510076138,-1.01836950462263,-0.826140195688844,-0.409242067631185,0.278730131739964,0.74858931493951,0.927415095200716,0.984935163905469,1.00313057941285,1.00313223523235,1.00313223538298,1.00313223538298,1.00313223538298,1.00313223538298,1.00313223538298,1.00313223538298,1.00313223538298,1.00313223538298,1.00313223538298,1.00313223538298,1.00313223538298,1.00313223538298,1.00313223538298,1.00313223538298,1.00313223538298,1.00313223538298,1.00313223538298,1.00313223538298,1.00313223538298,1.00313223538298,1.00313223538298,1.00313223538298,1.00313223538298,1.00313223538291,1.00313223523761,1.00313223470047,1.00313031249889,1.00312666973588,0.98472533469645,0.970568048255933,0.953607688189887,0.931294459103131,0.909489489841918,0.889650354424465,0.873227926191716,0.861525081236596,0.855449180014021
-1.01839510380399,-1.01839510380399,-1.01839510380399,-1.01839510380399,-1.01839510380399,-1.01839510380399,-1.01839510380399,-1.01839510380399,-1.01839510380399,-1.01839510380399,-1.01839510380399,-1.01839510380399,-1.01839510380399,-1.01839510380399,-1.01839510380399,-1.01839510380399,-1.01839510380392,-1.01839510300356,-1.01838616525228,-0.918564555227485,-0.635145820472513,-0.0206471629405098,0.600907951793857,0.878713138953747,0.970162713739567,1.0031292348315,1.00313223511006,1.00313223538298,1.00313223538298,1.00313223538298,1.00313223538298,1.00313223538298,1.00313223538298,1.00313223538298,1.00313223538298,1.00313223538298,1.00313223538298,1.00313223538298,1.00313223538298,1.00313223538298,1.00313223538298,1.00313223538298,1.00313223538298,1.00313223538298,1.00313223538298,1.00313223538298,1.00313223538298,1.00313223538298,1.00313223538298,1.00313223538298,1.00313223538298,1.00313223538298,1.00313223538291,1.00313223520803,1.0031322347246,1.00313056032448,1.00312927176428,1.00312628335428,0.987243990652383,0.979964926574808,0.974626533944293,0.970389663223434,0.967384500432955,0.965821712745245
-1.01839510380389,-1.01839510380389,-1.01839510380392,-1.01839510380394,-1.01839510380399,-1.01839510380399,-1.01839510380399,-1.01839510380399,-1.01839510380399,-1.01839510380399,-1.01839510380399,-1.01839510380399,-1.01839510380399,-1.01839510380399,-1.01839510380399,-1.01839510380399,-1.01839510380399,-1.01839510380363,-1.01839510040039,-1.01836601997697,-0.793341098858136,-0.305990840640163,0.405591053526323,0.808956292820702,0.95026704275578,1.00312569058445,1.00313223463009,1.00313223538291,1.00313223538298,1.00313223538298,1.00313223538298,1.00313223538298,1.00313223538298,1.00313223538298,1.00313223538298,1.00313223538298,1.00313223538298,1.00313223538298,1.00313223538298,1.00313223538298,1.00313223538298,1.00313223538298,1.00313223538298,1.00313223538298,1.00313223538298,1.00313223538298,1.00313223538298,1.00313223538298,1.00313223538298,1.00313223538298,1.00313223538298,1.00313223538298,1.00313223538298,1.00313223538298,1.00313223538291,1.00313223523062,1.00313223511341,1.00313223471033,1.0031307895679,1.00313012708977,1.00312964126747,1.00312925569556,1.00312898221459,1.00312883999512
-1.01839510261876,-1.01839510277761,-1.01839510307372,-1.01839510344674,-1.01839510380384,-1.01839510380399,-1.01839510380399,-1.01839510380399,-1.01839510380399,-1.01839510380399,-1.01839510380399,-1.01839510380399,-1.01839510380399,-1.01839510380399,-1.01839510380399,-1.01839510380399,-1.01839510380399,-1.01839510380389,-1.01839510279956,-1.01838388649611,-0.893111632599995,-0.530193565876979,0.173378580056628,0.714211693764578,0.919924850765741,0.984069916802945,1.00313050070597,1.0031322352252,1.00313223538298,1.00313223538298,1.00313223538298,1.00313223538298,1.00313223538298,1.00313223538298,1.00313223538298,1.00313223538298,1.00313223538298,1.00313223538298,1.00313223538298,1.00313223538298,1.00313223538298,1.00313223538298,1.00313223538298,1.00313223538298,1.00313223538298,1.00313223538298,1.00313223538298,1.00313223538298,1.00313223538298,1.00313223538298,1.00313223538298,1.00313223538298,1.00313223538298,1.00313223538298,1.00313223538298,1.00313223538298,1.00313223538298,1.00313223538291,1.00313223525148,1.00313223519123,1.00313223514704,1.00313223511199,1.0031322350871,1.00313223507419
-1.01838186534962,-1.0183836395157,-1.01838694684966,-1.01839111415838,-1.01839510262831,-1.01839510380373,-1.01839510380399,-1.01839510380399,-1.01839510380399,-1.01839510380399,-1.01839510380399,-1.01839510380399,-1.01839510380399,-1.01839510380399,-1.01839510380399,-1.01839510380399,-1.01839510380399,-1.01839510380399,-1.01839510380348,-1.01839509922958,-1.01835521991221,-0.698163378447865,-0.0675441711496054,0.597061407477601,0.88278117168061,0.972535157834551,1.00312945093336,1.00313223512974,1.00313223538298,1.00313223538298,1.00313223538298,1.00313223538298,1.00313223538298,1.00313223538298,1.00313223538298,1.00313223538298,1.00313223538298,1.00313223538298,1.00313223538298,1.00313223538298,1.00313223538298,1.00313223538298,1.00313223538298,1.00313223538298,1.00313223538298,1.00313223538298,1.00313223538298,1.00313223538298,1.00313223538298,1.00313223538298,1.00313223538298,1.00313223538298,1.00313223538298,1.00313223538298,1.00313223538298,1.00313223538298,1.00313223538298,1.00313223538298,1.00313223538298,1.00313223538298,1.00313223538298,1.00313223538298,1.00313223538298,1.00313223538298
-0.870528795003502,-0.890344870752144,-0.927285807655796,-0.973832939567663,-1.01838595940941,-1.01839510219095,-1.01839510380377,-1.01839510380399,-1.01839510380399,-1.01839510380399,-1.01839510380399,-1.01839510380399,-1.01839510380399,-1.01839510380399,-1.01839510380399,-1.01839510380399,-1.01839510380399,-1.01839510380399,-1.01839510380383,-1.01839510202261,-1.01837520883677,-0.796197254434387,-0.27369056996665,0.467130541189905,0.839613252510267,0.96091588885691,1.00312839339592,1.00313223503352,1.00313223538294,1.00313223538298,1.00313223538298,1.00313223538298,1.00313223538298,1.00313223538298,1.00313223538298,1.00313223538298,1.00313223538298,1.00313223538298,1.00313223538298,1.00313223538298,1.00313223538298,1.00313223538298,1.00313223538298,1.00313223538298,1.00313223538298,1.00313223538298,1.00313223538298,1.00313223538298,1.00313223538298,1.00313223538298,1.00313223538298,1.00313223538298,1.00313223538298,1.00313223538298,1.00313223538298,1.00313223538298,1.00313223538298,1.00313223538298,1.00313223538298,1.00313223538298,1.00313223538298,1.00313223538298,1.00313223538298,1.00313223538298
-0.461677393256013,-0.529306878549475,-0.663487166217401,-0.845476181355775,-0.9608015869603,-1.01838622848732,-1.01839510267646,-1.01839510380386,-1.01839510380399,-1.01839510380399,-1.01839510380399,-1.01839510380399,-1.01839510380399,-1.01839510380399,-1.01839510380399,-1.01839510380399,-1.01839510380399,-1.01839510380399,-1.01839510380389,-1.01839510266455,-1.01838237651966,-0.876234324106736,-0.437913139847333,0.333589039847,0.792532203705715,0.948092511157999,1.00312586517536,1.00313223467988,1.00313223538291,1.00313223538298,1.00313223538298,1.00313223538298,1.00313223538298,1.00313223538298,1.00313223538298,1.00313223538298,1.00313223538298,1.00313223538298,1.00313223538298,1.00313223538298,1.00313223538298,1.00313223538298,1.00313223538298,1.00313223538298,1.00313223538298,1.00313223538298,1.00313223538298,1.00313223538298,1.00313223538298,1.00313223538298,1.00313223538298,1.00313223538298,1.00313223538298,1.00313223538298,1.00313223538298,1.00313223538298,1.00313223538298,1.00313223538298,1.00313223538298,1.00313223538298,1.00313223538298,1.00313223538298,1.00313223538298,1.00313223538298
0.391293327132469,0.294995516484381,0.0405713104942134,-0.513516528200197,-0.852281871675625,-0.976838869865168,-1.01839138331672,-1.01839510347085,-1.01839510380394,-1.01839510380399,-1.01839510380399,-1.01839510380399,-1.01839510380399,-1.01839510380399,-1.01839510380399,-1.01839510380399,-1.01839510380399,-1.01839510380399,-1.01839510380399,-1.01839510380336,-1.01839509792387,-1.01834214427969,-0.569003781301233,0.210639339935455,0.746574939865554,0.933178493850964,0.988164109733963,1.00313087331645,1.0031322352591,1.00313223538298,1.00313223538298,1.00313223538298,1.00313223538298,1.00313223538298,1.00313223538298,1.00313223538298,1.00313223538298,1.00313223538298,1.00313223538298,1.00313223538298,1.00313223538298,1.00313223538298,1.00313223538298,1.00313223538298,1.00313223538298,1.00313223538298,1.00313223538298,1.00313223538298,1.00313223538298,1.00313223538298,1.00313223538298,1.00313223538298,1.00313223538298,1.00313223538298,1.00313223538298,1.00313223538298,1.00313223538298,1.00313223538298,1.00313223538298,1.00313223538298,1.00313223538298,1.00313223538298,1.00313223538298,1.00313223538298
1.00307654978975,1.00306777567615,1.00295298086039,-0.00366832247744087,-0.695287571935475,-0.937921462060834,-1.01838789912212,-1.01839510315893,-1.01839510380392,-1.01839510380399,-1.01839510380399,-1.01839510380399,-1.01839510380399,-1.01839510380399,-1.01839510380399,-1.01839510380399,-1.01839510380399,-1.01839510380399,-1.01839510380399,-1.01839510380373,-1.01839510067746,-1.01836018446724,-0.628400406539343,0.126235448524003,0.711886925780905,0.922483418703636,0.98354241119055,1.00313045266258,1.00313223522084,1.00313223538298,1.00313223538298,1.00313223538298,1.00313223538298,1.00313223538298,1.00313223538298,1.00313223538298,1.00313223538298,1.00313223538298,1.00313223538298,1.00313223538298,1.00313223538298,1.00313223538298,1.00313223538298,1.00313223538298,1.00313223538298,1.00313223538298,1.00313223538298,1.00313223538298,1.00313223538298,1.00313223538298,1.00313223538298,1.00313223538298,1.00313223538298,1.00313223538298,1.00313223538298,1.00313223538298,1.00313223538298,1.00313223538298,1.00313223538298,1.00313223538298,1.00313223538298,1.00313223538298,1.00313223538298,1.00313223538298
1.0031322303146,1.00313222282294,1.00305866810877,0.194939820592086,-0.605722947997654,-0.914663604167313,-1.01838581687287,-1.01839510297252,-1.01839510380392,-1.01839510380399,-1.01839510380399,-1.01839510380399,-1.01839510380399,-1.01839510380399,-1.01839510380399,-1.01839510380399,-1.01839510380399,-1.01839510380399,-1.01839510380399,-1.01839510380373,-1.01839510087202,-1.01836235533611,-0.652631548785034,0.0841112886964878,0.693506626888352,0.916928179613497,0.981819063131696,1.00313029582143,1.00313223520656,1.00313223538298,1.00313223538298,1.00313223538298,1.00313223538298,1.00313223538298,1.00313223538298,1.00313223538298,1.00313223538298,1.00313223538298,1.00313223538298,1.00313223538298,1.00313223538298,1.00313223538298,1.00313223538298,1.00313223538298,1.00313223538298,1.00313223538298,1.00313223538298,1.00313223538298,1.00313223538298,1.00313223538298,1.00313223538298,1.00313223538298,1.00313223538298,1.00313223538298,1.00313223538298,1.00313223538298,1.00313223538298,1.00313223538298,1.00313223538298,1.00313223538298,1.00313223538298,1.00313223538298,1.00313223538298,1.00313223538298
